#VRML V2.0 utf8
# Generated by VRML 2.0 driver of GEANT4


#---------- CAMERA
Viewpoint {
	position 0 0 597.821
}

#---------- SOLID: Soccer_HEX_00_PV:0
	Shape {
		appearance Appearance {
			material Material {
				diffuseColor 0 0 1
				transparency 0.7
			}
		}
		geometry IndexedFaceSet {
			coord Coordinate {
				point [
					-32.811 -39.9792 -85.9002,
					-65.1549 19.9896 -73.546,
					-65.1549 -19.9896 -73.546,
					-32.811 39.9792 -85.9002,
					-0.467086 19.9896 -98.2545,
					-0.467086 -19.9896 -98.2545,
					-57.5253 -70.5278 -150.603,
					-114.584 -35.2639 -128.809,
					-114.584 35.2639 -128.809,
					-57.5253 70.5278 -150.603,
					-0.467086 35.2639 -172.398,
					-0.467086 -35.2639 -172.398,
				]
			}
			coordIndex [
				0, 1, 2, -1,
				0, 3, 1, -1,
				0, 4, 3, -1,
				0, 5, 4, -1,
				6, 7, 8, -1,
				6, 8, 9, -1,
				6, 9, 10, -1,
				6, 10, 11, -1,
				0, 2, 7, -1,
				0, 7, 6, -1,
				2, 1, 8, -1,
				2, 8, 7, -1,
				1, 3, 9, -1,
				1, 9, 8, -1,
				3, 4, 10, -1,
				3, 10, 9, -1,
				4, 5, 11, -1,
				4, 11, 10, -1,
				5, 0, 6, -1,
				5, 6, 11, -1,
			]
			solid FALSE
		}
	}
#---------- SOLID: AlInner_HEX_00_PV:0
	Shape {
		appearance Appearance {
			material Material {
				diffuseColor 0.7 0.7 0.7
				transparency 0.7
			}
		}
		geometry IndexedFaceSet {
			coord Coordinate {
				point [
					-32.6477 -40.3548 -85.4729,
					-65.2955 20.1774 -73.0026,
					-65.2955 -20.1774 -73.0026,
					-32.6477 40.3548 -85.4729,
					0 20.1774 -97.9432,
					0 -20.1774 -97.9432,
					-32.811 -40.5566 -85.9002,
					-65.6219 -20.2783 -73.3676,
					-65.6219 20.2783 -73.3676,
					-32.811 40.5566 -85.9002,
					0 20.2783 -98.4329,
					0 -20.2783 -98.4329,
				]
			}
			coordIndex [
				0, 1, 2, -1,
				0, 3, 1, -1,
				0, 4, 3, -1,
				0, 5, 4, -1,
				6, 7, 8, -1,
				6, 8, 9, -1,
				6, 9, 10, -1,
				6, 10, 11, -1,
				0, 2, 7, -1,
				0, 7, 6, -1,
				2, 1, 8, -1,
				2, 8, 7, -1,
				1, 3, 9, -1,
				1, 9, 8, -1,
				3, 4, 10, -1,
				3, 10, 9, -1,
				4, 5, 11, -1,
				4, 11, 10, -1,
				5, 0, 6, -1,
				5, 6, 11, -1,
			]
			solid FALSE
		}
	}
#---------- SOLID: AlSide_HEX_00_PV:0
	Shape {
		appearance Appearance {
			material Material {
				diffuseColor 0.55 0.55 0.55
				transparency 0.7
			}
		}
		geometry IndexedFaceSet {
			coord Coordinate {
				point [
					-32.811 -40.5566 -85.9002,
					-32.811 -39.9792 -85.9002,
					-65.1549 -19.9896 -73.546,
					-65.6219 -20.2783 -73.3676,
					-57.5253 -71.1052 -150.603,
					-115.051 -35.5526 -128.631,
					-114.584 -35.2639 -128.809,
					-57.5253 -70.5278 -150.603,
					-65.1549 19.9896 -73.546,
					-65.6219 20.2783 -73.3676,
					-115.051 35.5526 -128.631,
					-114.584 35.2639 -128.809,
					-32.811 39.9792 -85.9002,
					-32.811 40.5566 -85.9002,
					-57.5253 71.1052 -150.603,
					-57.5253 70.5278 -150.603,
					-0.467086 19.9896 -98.2545,
					0 20.2783 -98.4329,
					0 35.5526 -172.576,
					-0.467086 35.2639 -172.398,
					-0.467086 -19.9896 -98.2545,
					0 -20.2783 -98.4329,
					0 -35.5526 -172.576,
					-0.467086 -35.2639 -172.398,
				]
			}
			coordIndex [
				0, 1, 2, -1,
				0, 2, 3, -1,
				4, 5, 6, -1,
				4, 6, 7, -1,
				0, 3, 5, -1,
				0, 5, 4, -1,
				1, 7, 6, -1,
				1, 6, 2, -1,
				3, 2, 8, -1,
				3, 8, 9, -1,
				5, 10, 11, -1,
				5, 11, 6, -1,
				3, 9, 10, -1,
				3, 10, 5, -1,
				2, 6, 11, -1,
				2, 11, 8, -1,
				9, 8, 12, -1,
				9, 12, 13, -1,
				10, 14, 15, -1,
				10, 15, 11, -1,
				9, 13, 14, -1,
				9, 14, 10, -1,
				8, 11, 15, -1,
				8, 15, 12, -1,
				13, 12, 16, -1,
				13, 16, 17, -1,
				14, 18, 19, -1,
				14, 19, 15, -1,
				13, 17, 18, -1,
				13, 18, 14, -1,
				12, 15, 19, -1,
				12, 19, 16, -1,
				17, 16, 20, -1,
				17, 20, 21, -1,
				18, 22, 23, -1,
				18, 23, 19, -1,
				17, 21, 22, -1,
				17, 22, 18, -1,
				16, 19, 23, -1,
				16, 23, 20, -1,
				21, 20, 1, -1,
				21, 1, 0, -1,
				22, 4, 7, -1,
				22, 7, 23, -1,
				21, 0, 4, -1,
				21, 4, 22, -1,
				20, 23, 7, -1,
				20, 7, 1, -1,
			]
			solid FALSE
		}
	}
#---------- SOLID: Soccer_HEX_01_PV:0
	Shape {
		appearance Appearance {
			material Material {
				diffuseColor 0 0 1
				transparency 0.7
			}
		}
		geometry IndexedFaceSet {
			coord Coordinate {
				point [
					0.467086 -19.9896 -98.2545,
					32.811 39.9792 -85.9002,
					0.467086 19.9896 -98.2545,
					65.1549 19.9896 -73.546,
					65.1549 -19.9896 -73.546,
					32.811 -39.9792 -85.9002,
					0.467086 -35.2639 -172.398,
					0.467086 35.2639 -172.398,
					57.5253 70.5278 -150.603,
					114.584 35.2639 -128.809,
					114.584 -35.2639 -128.809,
					57.5253 -70.5278 -150.603,
				]
			}
			coordIndex [
				0, 1, 2, -1,
				0, 3, 1, -1,
				0, 4, 3, -1,
				0, 5, 4, -1,
				6, 7, 8, -1,
				6, 8, 9, -1,
				6, 9, 10, -1,
				6, 10, 11, -1,
				0, 2, 7, -1,
				0, 7, 6, -1,
				2, 1, 8, -1,
				2, 8, 7, -1,
				1, 3, 9, -1,
				1, 9, 8, -1,
				3, 4, 10, -1,
				3, 10, 9, -1,
				4, 5, 11, -1,
				4, 11, 10, -1,
				5, 0, 6, -1,
				5, 6, 11, -1,
			]
			solid FALSE
		}
	}
#---------- SOLID: AlInner_HEX_01_PV:0
	Shape {
		appearance Appearance {
			material Material {
				diffuseColor 0.7 0.7 0.7
				transparency 0.7
			}
		}
		geometry IndexedFaceSet {
			coord Coordinate {
				point [
					0 -20.1774 -97.9432,
					32.6477 40.3548 -85.4729,
					0 20.1774 -97.9432,
					65.2955 20.1774 -73.0026,
					65.2955 -20.1774 -73.0026,
					32.6477 -40.3548 -85.4729,
					0 -20.2783 -98.4329,
					0 20.2783 -98.4329,
					32.811 40.5566 -85.9002,
					65.6219 20.2783 -73.3676,
					65.6219 -20.2783 -73.3676,
					32.811 -40.5566 -85.9002,
				]
			}
			coordIndex [
				0, 1, 2, -1,
				0, 3, 1, -1,
				0, 4, 3, -1,
				0, 5, 4, -1,
				6, 7, 8, -1,
				6, 8, 9, -1,
				6, 9, 10, -1,
				6, 10, 11, -1,
				0, 2, 7, -1,
				0, 7, 6, -1,
				2, 1, 8, -1,
				2, 8, 7, -1,
				1, 3, 9, -1,
				1, 9, 8, -1,
				3, 4, 10, -1,
				3, 10, 9, -1,
				4, 5, 11, -1,
				4, 11, 10, -1,
				5, 0, 6, -1,
				5, 6, 11, -1,
			]
			solid FALSE
		}
	}
#---------- SOLID: AlSide_HEX_01_PV:0
	Shape {
		appearance Appearance {
			material Material {
				diffuseColor 0.55 0.55 0.55
				transparency 0.7
			}
		}
		geometry IndexedFaceSet {
			coord Coordinate {
				point [
					0 -20.2783 -98.4329,
					0.467086 -19.9896 -98.2545,
					0.467086 19.9896 -98.2545,
					0 20.2783 -98.4329,
					0 -35.5526 -172.576,
					0 35.5526 -172.576,
					0.467086 35.2639 -172.398,
					0.467086 -35.2639 -172.398,
					32.811 39.9792 -85.9002,
					32.811 40.5566 -85.9002,
					57.5253 71.1052 -150.603,
					57.5253 70.5278 -150.603,
					65.1549 19.9896 -73.546,
					65.6219 20.2783 -73.3676,
					115.051 35.5526 -128.631,
					114.584 35.2639 -128.809,
					65.1549 -19.9896 -73.546,
					65.6219 -20.2783 -73.3676,
					115.051 -35.5526 -128.631,
					114.584 -35.2639 -128.809,
					32.811 -39.9792 -85.9002,
					32.811 -40.5566 -85.9002,
					57.5253 -71.1052 -150.603,
					57.5253 -70.5278 -150.603,
				]
			}
			coordIndex [
				0, 1, 2, -1,
				0, 2, 3, -1,
				4, 5, 6, -1,
				4, 6, 7, -1,
				0, 3, 5, -1,
				0, 5, 4, -1,
				1, 7, 6, -1,
				1, 6, 2, -1,
				3, 2, 8, -1,
				3, 8, 9, -1,
				5, 10, 11, -1,
				5, 11, 6, -1,
				3, 9, 10, -1,
				3, 10, 5, -1,
				2, 6, 11, -1,
				2, 11, 8, -1,
				9, 8, 12, -1,
				9, 12, 13, -1,
				10, 14, 15, -1,
				10, 15, 11, -1,
				9, 13, 14, -1,
				9, 14, 10, -1,
				8, 11, 15, -1,
				8, 15, 12, -1,
				13, 12, 16, -1,
				13, 16, 17, -1,
				14, 18, 19, -1,
				14, 19, 15, -1,
				13, 17, 18, -1,
				13, 18, 14, -1,
				12, 15, 19, -1,
				12, 19, 16, -1,
				17, 16, 20, -1,
				17, 20, 21, -1,
				18, 22, 23, -1,
				18, 23, 19, -1,
				17, 21, 22, -1,
				17, 22, 18, -1,
				16, 19, 23, -1,
				16, 23, 20, -1,
				21, 20, 1, -1,
				21, 1, 0, -1,
				22, 4, 7, -1,
				22, 7, 23, -1,
				21, 0, 4, -1,
				21, 4, 22, -1,
				20, 23, 7, -1,
				20, 7, 1, -1,
			]
			solid FALSE
		}
	}
#---------- SOLID: Soccer_HEX_02_PV:0
	Shape {
		appearance Appearance {
			material Material {
				diffuseColor 0 0 1
				transparency 0.7
			}
		}
		geometry IndexedFaceSet {
			coord Coordinate {
				point [
					19.9896 -73.546 -65.1549,
					19.9896 -98.2545 -0.467086,
					39.9792 -85.9002 -32.811,
					-19.9896 -98.2545 -0.467086,
					-39.9792 -85.9002 -32.811,
					-19.9896 -73.546 -65.1549,
					35.2639 -128.809 -114.584,
					70.5278 -150.603 -57.5253,
					35.2639 -172.398 -0.467086,
					-35.2639 -172.398 -0.467086,
					-70.5278 -150.603 -57.5253,
					-35.2639 -128.809 -114.584,
				]
			}
			coordIndex [
				0, 1, 2, -1,
				0, 3, 1, -1,
				0, 4, 3, -1,
				0, 5, 4, -1,
				6, 7, 8, -1,
				6, 8, 9, -1,
				6, 9, 10, -1,
				6, 10, 11, -1,
				0, 2, 7, -1,
				0, 7, 6, -1,
				2, 1, 8, -1,
				2, 8, 7, -1,
				1, 3, 9, -1,
				1, 9, 8, -1,
				3, 4, 10, -1,
				3, 10, 9, -1,
				4, 5, 11, -1,
				4, 11, 10, -1,
				5, 0, 6, -1,
				5, 6, 11, -1,
			]
			solid FALSE
		}
	}
#---------- SOLID: AlInner_HEX_02_PV:0
	Shape {
		appearance Appearance {
			material Material {
				diffuseColor 0.7 0.7 0.7
				transparency 0.7
			}
		}
		geometry IndexedFaceSet {
			coord Coordinate {
				point [
					20.1774 -73.0026 -65.2955,
					20.1774 -97.9432 0,
					40.3548 -85.4729 -32.6477,
					-20.1774 -97.9432 0,
					-40.3548 -85.4729 -32.6477,
					-20.1774 -73.0026 -65.2955,
					20.2783 -73.3676 -65.6219,
					40.5566 -85.9002 -32.811,
					20.2783 -98.4329 0,
					-20.2783 -98.4329 0,
					-40.5566 -85.9002 -32.811,
					-20.2783 -73.3676 -65.6219,
				]
			}
			coordIndex [
				0, 1, 2, -1,
				0, 3, 1, -1,
				0, 4, 3, -1,
				0, 5, 4, -1,
				6, 7, 8, -1,
				6, 8, 9, -1,
				6, 9, 10, -1,
				6, 10, 11, -1,
				0, 2, 7, -1,
				0, 7, 6, -1,
				2, 1, 8, -1,
				2, 8, 7, -1,
				1, 3, 9, -1,
				1, 9, 8, -1,
				3, 4, 10, -1,
				3, 10, 9, -1,
				4, 5, 11, -1,
				4, 11, 10, -1,
				5, 0, 6, -1,
				5, 6, 11, -1,
			]
			solid FALSE
		}
	}
#---------- SOLID: AlSide_HEX_02_PV:0
	Shape {
		appearance Appearance {
			material Material {
				diffuseColor 0.55 0.55 0.55
				transparency 0.7
			}
		}
		geometry IndexedFaceSet {
			coord Coordinate {
				point [
					20.2783 -73.3676 -65.6219,
					19.9896 -73.546 -65.1549,
					39.9792 -85.9002 -32.811,
					40.5566 -85.9002 -32.811,
					35.5526 -128.631 -115.051,
					71.1052 -150.603 -57.5253,
					70.5278 -150.603 -57.5253,
					35.2639 -128.809 -114.584,
					19.9896 -98.2545 -0.467086,
					20.2783 -98.4329 0,
					35.5526 -172.576 0,
					35.2639 -172.398 -0.467086,
					-19.9896 -98.2545 -0.467086,
					-20.2783 -98.4329 0,
					-35.5526 -172.576 0,
					-35.2639 -172.398 -0.467086,
					-39.9792 -85.9002 -32.811,
					-40.5566 -85.9002 -32.811,
					-71.1052 -150.603 -57.5253,
					-70.5278 -150.603 -57.5253,
					-19.9896 -73.546 -65.1549,
					-20.2783 -73.3676 -65.6219,
					-35.5526 -128.631 -115.051,
					-35.2639 -128.809 -114.584,
				]
			}
			coordIndex [
				0, 1, 2, -1,
				0, 2, 3, -1,
				4, 5, 6, -1,
				4, 6, 7, -1,
				0, 3, 5, -1,
				0, 5, 4, -1,
				1, 7, 6, -1,
				1, 6, 2, -1,
				3, 2, 8, -1,
				3, 8, 9, -1,
				5, 10, 11, -1,
				5, 11, 6, -1,
				3, 9, 10, -1,
				3, 10, 5, -1,
				2, 6, 11, -1,
				2, 11, 8, -1,
				9, 8, 12, -1,
				9, 12, 13, -1,
				10, 14, 15, -1,
				10, 15, 11, -1,
				9, 13, 14, -1,
				9, 14, 10, -1,
				8, 11, 15, -1,
				8, 15, 12, -1,
				13, 12, 16, -1,
				13, 16, 17, -1,
				14, 18, 19, -1,
				14, 19, 15, -1,
				13, 17, 18, -1,
				13, 18, 14, -1,
				12, 15, 19, -1,
				12, 19, 16, -1,
				17, 16, 20, -1,
				17, 20, 21, -1,
				18, 22, 23, -1,
				18, 23, 19, -1,
				17, 21, 22, -1,
				17, 22, 18, -1,
				16, 19, 23, -1,
				16, 23, 20, -1,
				21, 20, 1, -1,
				21, 1, 0, -1,
				22, 4, 7, -1,
				22, 7, 23, -1,
				21, 0, 4, -1,
				21, 4, 22, -1,
				20, 23, 7, -1,
				20, 7, 1, -1,
			]
			solid FALSE
		}
	}
#---------- SOLID: Soccer_HEX_03_PV:0
	Shape {
		appearance Appearance {
			material Material {
				diffuseColor 0 0 1
				transparency 0.7
			}
		}
		geometry IndexedFaceSet {
			coord Coordinate {
				point [
					-20.7454 -73.0789 -65.4435,
					-73.0789 -65.4435 -20.7454,
					-40.735 -85.4332 -33.0996,
					-85.4332 -33.0996 -40.735,
					-65.4435 -20.7454 -73.0789,
					-33.0996 -40.735 -85.4332,
					-36.0197 -128.342 -114.872,
					-71.2836 -150.136 -57.814,
					-128.342 -114.872 -36.0197,
					-150.136 -57.814 -71.2836,
					-114.872 -36.0197 -128.342,
					-57.814 -71.2836 -150.136,
				]
			}
			coordIndex [
				0, 1, 2, -1,
				0, 3, 1, -1,
				0, 4, 3, -1,
				0, 5, 4, -1,
				6, 7, 8, -1,
				6, 8, 9, -1,
				6, 9, 10, -1,
				6, 10, 11, -1,
				0, 2, 7, -1,
				0, 7, 6, -1,
				2, 1, 8, -1,
				2, 8, 7, -1,
				1, 3, 9, -1,
				1, 9, 8, -1,
				3, 4, 10, -1,
				3, 10, 9, -1,
				4, 5, 11, -1,
				4, 11, 10, -1,
				5, 0, 6, -1,
				5, 6, 11, -1,
			]
			solid FALSE
		}
	}
#---------- SOLID: AlInner_HEX_03_PV:0
	Shape {
		appearance Appearance {
			material Material {
				diffuseColor 0.7 0.7 0.7
				transparency 0.7
			}
		}
		geometry IndexedFaceSet {
			coord Coordinate {
				point [
					-20.1774 -73.0026 -65.2955,
					-73.0026 -65.2955 -20.1774,
					-40.3548 -85.4729 -32.6477,
					-85.4729 -32.6477 -40.3548,
					-65.2955 -20.1774 -73.0026,
					-32.6477 -40.3548 -85.4729,
					-20.2783 -73.3676 -65.6219,
					-40.5566 -85.9002 -32.811,
					-73.3676 -65.6219 -20.2783,
					-85.9002 -32.811 -40.5566,
					-65.6219 -20.2783 -73.3676,
					-32.811 -40.5566 -85.9002,
				]
			}
			coordIndex [
				0, 1, 2, -1,
				0, 3, 1, -1,
				0, 4, 3, -1,
				0, 5, 4, -1,
				6, 7, 8, -1,
				6, 8, 9, -1,
				6, 9, 10, -1,
				6, 10, 11, -1,
				0, 2, 7, -1,
				0, 7, 6, -1,
				2, 1, 8, -1,
				2, 8, 7, -1,
				1, 3, 9, -1,
				1, 9, 8, -1,
				3, 4, 10, -1,
				3, 10, 9, -1,
				4, 5, 11, -1,
				4, 11, 10, -1,
				5, 0, 6, -1,
				5, 6, 11, -1,
			]
			solid FALSE
		}
	}
#---------- SOLID: AlSide_HEX_03_PV:0
	Shape {
		appearance Appearance {
			material Material {
				diffuseColor 0.55 0.55 0.55
				transparency 0.7
			}
		}
		geometry IndexedFaceSet {
			coord Coordinate {
				point [
					-20.2783 -73.3676 -65.6219,
					-20.7454 -73.0789 -65.4435,
					-40.735 -85.4332 -33.0996,
					-40.5566 -85.9002 -32.811,
					-35.5526 -128.631 -115.051,
					-71.1052 -150.603 -57.5253,
					-71.2836 -150.136 -57.814,
					-36.0197 -128.342 -114.872,
					-73.0789 -65.4435 -20.7454,
					-73.3676 -65.6219 -20.2783,
					-128.631 -115.051 -35.5526,
					-128.342 -114.872 -36.0197,
					-85.4332 -33.0996 -40.735,
					-85.9002 -32.811 -40.5566,
					-150.603 -57.5253 -71.1052,
					-150.136 -57.814 -71.2836,
					-65.4435 -20.7454 -73.0789,
					-65.6219 -20.2783 -73.3676,
					-115.051 -35.5526 -128.631,
					-114.872 -36.0197 -128.342,
					-33.0996 -40.735 -85.4332,
					-32.811 -40.5566 -85.9002,
					-57.5253 -71.1052 -150.603,
					-57.814 -71.2836 -150.136,
				]
			}
			coordIndex [
				0, 1, 2, -1,
				0, 2, 3, -1,
				4, 5, 6, -1,
				4, 6, 7, -1,
				0, 3, 5, -1,
				0, 5, 4, -1,
				1, 7, 6, -1,
				1, 6, 2, -1,
				3, 2, 8, -1,
				3, 8, 9, -1,
				5, 10, 11, -1,
				5, 11, 6, -1,
				3, 9, 10, -1,
				3, 10, 5, -1,
				2, 6, 11, -1,
				2, 11, 8, -1,
				9, 8, 12, -1,
				9, 12, 13, -1,
				10, 14, 15, -1,
				10, 15, 11, -1,
				9, 13, 14, -1,
				9, 14, 10, -1,
				8, 11, 15, -1,
				8, 15, 12, -1,
				13, 12, 16, -1,
				13, 16, 17, -1,
				14, 18, 19, -1,
				14, 19, 15, -1,
				13, 17, 18, -1,
				13, 18, 14, -1,
				12, 15, 19, -1,
				12, 19, 16, -1,
				17, 16, 20, -1,
				17, 20, 21, -1,
				18, 22, 23, -1,
				18, 23, 19, -1,
				17, 21, 22, -1,
				17, 22, 18, -1,
				16, 19, 23, -1,
				16, 23, 20, -1,
				21, 20, 1, -1,
				21, 1, 0, -1,
				22, 4, 7, -1,
				22, 7, 23, -1,
				21, 0, 4, -1,
				21, 4, 22, -1,
				20, 23, 7, -1,
				20, 7, 1, -1,
			]
			solid FALSE
		}
	}
#---------- SOLID: Soccer_HEX_04_PV:0
	Shape {
		appearance Appearance {
			material Material {
				diffuseColor 0 0 1
				transparency 0.7
			}
		}
		geometry IndexedFaceSet {
			coord Coordinate {
				point [
					33.0996 -40.735 -85.4332,
					85.4332 -33.0996 -40.735,
					65.4435 -20.7454 -73.0789,
					73.0789 -65.4435 -20.7454,
					40.735 -85.4332 -33.0996,
					20.7454 -73.0789 -65.4435,
					57.814 -71.2836 -150.136,
					114.872 -36.0197 -128.342,
					150.136 -57.814 -71.2836,
					128.342 -114.872 -36.0197,
					71.2836 -150.136 -57.814,
					36.0197 -128.342 -114.872,
				]
			}
			coordIndex [
				0, 1, 2, -1,
				0, 3, 1, -1,
				0, 4, 3, -1,
				0, 5, 4, -1,
				6, 7, 8, -1,
				6, 8, 9, -1,
				6, 9, 10, -1,
				6, 10, 11, -1,
				0, 2, 7, -1,
				0, 7, 6, -1,
				2, 1, 8, -1,
				2, 8, 7, -1,
				1, 3, 9, -1,
				1, 9, 8, -1,
				3, 4, 10, -1,
				3, 10, 9, -1,
				4, 5, 11, -1,
				4, 11, 10, -1,
				5, 0, 6, -1,
				5, 6, 11, -1,
			]
			solid FALSE
		}
	}
#---------- SOLID: AlInner_HEX_04_PV:0
	Shape {
		appearance Appearance {
			material Material {
				diffuseColor 0.7 0.7 0.7
				transparency 0.7
			}
		}
		geometry IndexedFaceSet {
			coord Coordinate {
				point [
					32.6477 -40.3548 -85.4729,
					85.4729 -32.6477 -40.3548,
					65.2955 -20.1774 -73.0026,
					73.0026 -65.2955 -20.1774,
					40.3548 -85.4729 -32.6477,
					20.1774 -73.0026 -65.2955,
					32.811 -40.5566 -85.9002,
					65.6219 -20.2783 -73.3676,
					85.9002 -32.811 -40.5566,
					73.3676 -65.6219 -20.2783,
					40.5566 -85.9002 -32.811,
					20.2783 -73.3676 -65.6219,
				]
			}
			coordIndex [
				0, 1, 2, -1,
				0, 3, 1, -1,
				0, 4, 3, -1,
				0, 5, 4, -1,
				6, 7, 8, -1,
				6, 8, 9, -1,
				6, 9, 10, -1,
				6, 10, 11, -1,
				0, 2, 7, -1,
				0, 7, 6, -1,
				2, 1, 8, -1,
				2, 8, 7, -1,
				1, 3, 9, -1,
				1, 9, 8, -1,
				3, 4, 10, -1,
				3, 10, 9, -1,
				4, 5, 11, -1,
				4, 11, 10, -1,
				5, 0, 6, -1,
				5, 6, 11, -1,
			]
			solid FALSE
		}
	}
#---------- SOLID: AlSide_HEX_04_PV:0
	Shape {
		appearance Appearance {
			material Material {
				diffuseColor 0.55 0.55 0.55
				transparency 0.7
			}
		}
		geometry IndexedFaceSet {
			coord Coordinate {
				point [
					32.811 -40.5566 -85.9002,
					33.0996 -40.735 -85.4332,
					65.4435 -20.7454 -73.0789,
					65.6219 -20.2783 -73.3676,
					57.5253 -71.1052 -150.603,
					115.051 -35.5526 -128.631,
					114.872 -36.0197 -128.342,
					57.814 -71.2836 -150.136,
					85.4332 -33.0996 -40.735,
					85.9002 -32.811 -40.5566,
					150.603 -57.5253 -71.1052,
					150.136 -57.814 -71.2836,
					73.0789 -65.4435 -20.7454,
					73.3676 -65.6219 -20.2783,
					128.631 -115.051 -35.5526,
					128.342 -114.872 -36.0197,
					40.735 -85.4332 -33.0996,
					40.5566 -85.9002 -32.811,
					71.1052 -150.603 -57.5253,
					71.2836 -150.136 -57.814,
					20.7454 -73.0789 -65.4435,
					20.2783 -73.3676 -65.6219,
					35.5526 -128.631 -115.051,
					36.0197 -128.342 -114.872,
				]
			}
			coordIndex [
				0, 1, 2, -1,
				0, 2, 3, -1,
				4, 5, 6, -1,
				4, 6, 7, -1,
				0, 3, 5, -1,
				0, 5, 4, -1,
				1, 7, 6, -1,
				1, 6, 2, -1,
				3, 2, 8, -1,
				3, 8, 9, -1,
				5, 10, 11, -1,
				5, 11, 6, -1,
				3, 9, 10, -1,
				3, 10, 5, -1,
				2, 6, 11, -1,
				2, 11, 8, -1,
				9, 8, 12, -1,
				9, 12, 13, -1,
				10, 14, 15, -1,
				10, 15, 11, -1,
				9, 13, 14, -1,
				9, 14, 10, -1,
				8, 11, 15, -1,
				8, 15, 12, -1,
				13, 12, 16, -1,
				13, 16, 17, -1,
				14, 18, 19, -1,
				14, 19, 15, -1,
				13, 17, 18, -1,
				13, 18, 14, -1,
				12, 15, 19, -1,
				12, 19, 16, -1,
				17, 16, 20, -1,
				17, 20, 21, -1,
				18, 22, 23, -1,
				18, 23, 19, -1,
				17, 21, 22, -1,
				17, 22, 18, -1,
				16, 19, 23, -1,
				16, 23, 20, -1,
				21, 20, 1, -1,
				21, 1, 0, -1,
				22, 4, 7, -1,
				22, 7, 23, -1,
				21, 0, 4, -1,
				21, 4, 22, -1,
				20, 23, 7, -1,
				20, 7, 1, -1,
			]
			solid FALSE
		}
	}
#---------- SOLID: Soccer_HEX_05_PV:0
	Shape {
		appearance Appearance {
			material Material {
				diffuseColor 0 0 1
				transparency 0.7
			}
		}
		geometry IndexedFaceSet {
			coord Coordinate {
				point [
					-0.467086 -19.9896 98.2545,
					-32.811 39.9792 85.9002,
					-0.467086 19.9896 98.2545,
					-65.1549 19.9896 73.546,
					-65.1549 -19.9896 73.546,
					-32.811 -39.9792 85.9002,
					-0.467086 -35.2639 172.398,
					-0.467086 35.2639 172.398,
					-57.5253 70.5278 150.603,
					-114.584 35.2639 128.809,
					-114.584 -35.2639 128.809,
					-57.5253 -70.5278 150.603,
				]
			}
			coordIndex [
				0, 1, 2, -1,
				0, 3, 1, -1,
				0, 4, 3, -1,
				0, 5, 4, -1,
				6, 7, 8, -1,
				6, 8, 9, -1,
				6, 9, 10, -1,
				6, 10, 11, -1,
				0, 2, 7, -1,
				0, 7, 6, -1,
				2, 1, 8, -1,
				2, 8, 7, -1,
				1, 3, 9, -1,
				1, 9, 8, -1,
				3, 4, 10, -1,
				3, 10, 9, -1,
				4, 5, 11, -1,
				4, 11, 10, -1,
				5, 0, 6, -1,
				5, 6, 11, -1,
			]
			solid FALSE
		}
	}
#---------- SOLID: AlInner_HEX_05_PV:0
	Shape {
		appearance Appearance {
			material Material {
				diffuseColor 0.7 0.7 0.7
				transparency 0.7
			}
		}
		geometry IndexedFaceSet {
			coord Coordinate {
				point [
					0 -20.1774 97.9432,
					-32.6477 40.3548 85.4729,
					0 20.1774 97.9432,
					-65.2955 20.1774 73.0026,
					-65.2955 -20.1774 73.0026,
					-32.6477 -40.3548 85.4729,
					0 -20.2783 98.4329,
					0 20.2783 98.4329,
					-32.811 40.5566 85.9002,
					-65.6219 20.2783 73.3676,
					-65.6219 -20.2783 73.3676,
					-32.811 -40.5566 85.9002,
				]
			}
			coordIndex [
				0, 1, 2, -1,
				0, 3, 1, -1,
				0, 4, 3, -1,
				0, 5, 4, -1,
				6, 7, 8, -1,
				6, 8, 9, -1,
				6, 9, 10, -1,
				6, 10, 11, -1,
				0, 2, 7, -1,
				0, 7, 6, -1,
				2, 1, 8, -1,
				2, 8, 7, -1,
				1, 3, 9, -1,
				1, 9, 8, -1,
				3, 4, 10, -1,
				3, 10, 9, -1,
				4, 5, 11, -1,
				4, 11, 10, -1,
				5, 0, 6, -1,
				5, 6, 11, -1,
			]
			solid FALSE
		}
	}
#---------- SOLID: AlSide_HEX_05_PV:0
	Shape {
		appearance Appearance {
			material Material {
				diffuseColor 0.55 0.55 0.55
				transparency 0.7
			}
		}
		geometry IndexedFaceSet {
			coord Coordinate {
				point [
					0 -20.2783 98.4329,
					-0.467086 -19.9896 98.2545,
					-0.467086 19.9896 98.2545,
					0 20.2783 98.4329,
					0 -35.5526 172.576,
					0 35.5526 172.576,
					-0.467086 35.2639 172.398,
					-0.467086 -35.2639 172.398,
					-32.811 39.9792 85.9002,
					-32.811 40.5566 85.9002,
					-57.5253 71.1052 150.603,
					-57.5253 70.5278 150.603,
					-65.1549 19.9896 73.546,
					-65.6219 20.2783 73.3676,
					-115.051 35.5526 128.631,
					-114.584 35.2639 128.809,
					-65.1549 -19.9896 73.546,
					-65.6219 -20.2783 73.3676,
					-115.051 -35.5526 128.631,
					-114.584 -35.2639 128.809,
					-32.811 -39.9792 85.9002,
					-32.811 -40.5566 85.9002,
					-57.5253 -71.1052 150.603,
					-57.5253 -70.5278 150.603,
				]
			}
			coordIndex [
				0, 1, 2, -1,
				0, 2, 3, -1,
				4, 5, 6, -1,
				4, 6, 7, -1,
				0, 3, 5, -1,
				0, 5, 4, -1,
				1, 7, 6, -1,
				1, 6, 2, -1,
				3, 2, 8, -1,
				3, 8, 9, -1,
				5, 10, 11, -1,
				5, 11, 6, -1,
				3, 9, 10, -1,
				3, 10, 5, -1,
				2, 6, 11, -1,
				2, 11, 8, -1,
				9, 8, 12, -1,
				9, 12, 13, -1,
				10, 14, 15, -1,
				10, 15, 11, -1,
				9, 13, 14, -1,
				9, 14, 10, -1,
				8, 11, 15, -1,
				8, 15, 12, -1,
				13, 12, 16, -1,
				13, 16, 17, -1,
				14, 18, 19, -1,
				14, 19, 15, -1,
				13, 17, 18, -1,
				13, 18, 14, -1,
				12, 15, 19, -1,
				12, 19, 16, -1,
				17, 16, 20, -1,
				17, 20, 21, -1,
				18, 22, 23, -1,
				18, 23, 19, -1,
				17, 21, 22, -1,
				17, 22, 18, -1,
				16, 19, 23, -1,
				16, 23, 20, -1,
				21, 20, 1, -1,
				21, 1, 0, -1,
				22, 4, 7, -1,
				22, 7, 23, -1,
				21, 0, 4, -1,
				21, 4, 22, -1,
				20, 23, 7, -1,
				20, 7, 1, -1,
			]
			solid FALSE
		}
	}
#---------- SOLID: Soccer_HEX_06_PV:0
	Shape {
		appearance Appearance {
			material Material {
				diffuseColor 0 0 1
				transparency 0.7
			}
		}
		geometry IndexedFaceSet {
			coord Coordinate {
				point [
					32.811 -39.9792 85.9002,
					65.1549 19.9896 73.546,
					65.1549 -19.9896 73.546,
					32.811 39.9792 85.9002,
					0.467086 19.9896 98.2545,
					0.467086 -19.9896 98.2545,
					57.5253 -70.5278 150.603,
					114.584 -35.2639 128.809,
					114.584 35.2639 128.809,
					57.5253 70.5278 150.603,
					0.467086 35.2639 172.398,
					0.467086 -35.2639 172.398,
				]
			}
			coordIndex [
				0, 1, 2, -1,
				0, 3, 1, -1,
				0, 4, 3, -1,
				0, 5, 4, -1,
				6, 7, 8, -1,
				6, 8, 9, -1,
				6, 9, 10, -1,
				6, 10, 11, -1,
				0, 2, 7, -1,
				0, 7, 6, -1,
				2, 1, 8, -1,
				2, 8, 7, -1,
				1, 3, 9, -1,
				1, 9, 8, -1,
				3, 4, 10, -1,
				3, 10, 9, -1,
				4, 5, 11, -1,
				4, 11, 10, -1,
				5, 0, 6, -1,
				5, 6, 11, -1,
			]
			solid FALSE
		}
	}
#---------- SOLID: AlInner_HEX_06_PV:0
	Shape {
		appearance Appearance {
			material Material {
				diffuseColor 0.7 0.7 0.7
				transparency 0.7
			}
		}
		geometry IndexedFaceSet {
			coord Coordinate {
				point [
					32.6477 -40.3548 85.4729,
					65.2955 20.1774 73.0026,
					65.2955 -20.1774 73.0026,
					32.6477 40.3548 85.4729,
					0 20.1774 97.9432,
					0 -20.1774 97.9432,
					32.811 -40.5566 85.9002,
					65.6219 -20.2783 73.3676,
					65.6219 20.2783 73.3676,
					32.811 40.5566 85.9002,
					0 20.2783 98.4329,
					0 -20.2783 98.4329,
				]
			}
			coordIndex [
				0, 1, 2, -1,
				0, 3, 1, -1,
				0, 4, 3, -1,
				0, 5, 4, -1,
				6, 7, 8, -1,
				6, 8, 9, -1,
				6, 9, 10, -1,
				6, 10, 11, -1,
				0, 2, 7, -1,
				0, 7, 6, -1,
				2, 1, 8, -1,
				2, 8, 7, -1,
				1, 3, 9, -1,
				1, 9, 8, -1,
				3, 4, 10, -1,
				3, 10, 9, -1,
				4, 5, 11, -1,
				4, 11, 10, -1,
				5, 0, 6, -1,
				5, 6, 11, -1,
			]
			solid FALSE
		}
	}
#---------- SOLID: AlSide_HEX_06_PV:0
	Shape {
		appearance Appearance {
			material Material {
				diffuseColor 0.55 0.55 0.55
				transparency 0.7
			}
		}
		geometry IndexedFaceSet {
			coord Coordinate {
				point [
					32.811 -40.5566 85.9002,
					32.811 -39.9792 85.9002,
					65.1549 -19.9896 73.546,
					65.6219 -20.2783 73.3676,
					57.5253 -71.1052 150.603,
					115.051 -35.5526 128.631,
					114.584 -35.2639 128.809,
					57.5253 -70.5278 150.603,
					65.1549 19.9896 73.546,
					65.6219 20.2783 73.3676,
					115.051 35.5526 128.631,
					114.584 35.2639 128.809,
					32.811 39.9792 85.9002,
					32.811 40.5566 85.9002,
					57.5253 71.1052 150.603,
					57.5253 70.5278 150.603,
					0.467086 19.9896 98.2545,
					0 20.2783 98.4329,
					0 35.5526 172.576,
					0.467086 35.2639 172.398,
					0.467086 -19.9896 98.2545,
					0 -20.2783 98.4329,
					0 -35.5526 172.576,
					0.467086 -35.2639 172.398,
				]
			}
			coordIndex [
				0, 1, 2, -1,
				0, 2, 3, -1,
				4, 5, 6, -1,
				4, 6, 7, -1,
				0, 3, 5, -1,
				0, 5, 4, -1,
				1, 7, 6, -1,
				1, 6, 2, -1,
				3, 2, 8, -1,
				3, 8, 9, -1,
				5, 10, 11, -1,
				5, 11, 6, -1,
				3, 9, 10, -1,
				3, 10, 5, -1,
				2, 6, 11, -1,
				2, 11, 8, -1,
				9, 8, 12, -1,
				9, 12, 13, -1,
				10, 14, 15, -1,
				10, 15, 11, -1,
				9, 13, 14, -1,
				9, 14, 10, -1,
				8, 11, 15, -1,
				8, 15, 12, -1,
				13, 12, 16, -1,
				13, 16, 17, -1,
				14, 18, 19, -1,
				14, 19, 15, -1,
				13, 17, 18, -1,
				13, 18, 14, -1,
				12, 15, 19, -1,
				12, 19, 16, -1,
				17, 16, 20, -1,
				17, 20, 21, -1,
				18, 22, 23, -1,
				18, 23, 19, -1,
				17, 21, 22, -1,
				17, 22, 18, -1,
				16, 19, 23, -1,
				16, 23, 20, -1,
				21, 20, 1, -1,
				21, 1, 0, -1,
				22, 4, 7, -1,
				22, 7, 23, -1,
				21, 0, 4, -1,
				21, 4, 22, -1,
				20, 23, 7, -1,
				20, 7, 1, -1,
			]
			solid FALSE
		}
	}
#---------- SOLID: Soccer_HEX_07_PV:0
	Shape {
		appearance Appearance {
			material Material {
				diffuseColor 0 0 1
				transparency 0.7
			}
		}
		geometry IndexedFaceSet {
			coord Coordinate {
				point [
					-19.9896 -73.546 65.1549,
					-19.9896 -98.2545 0.467086,
					-39.9792 -85.9002 32.811,
					19.9896 -98.2545 0.467086,
					39.9792 -85.9002 32.811,
					19.9896 -73.546 65.1549,
					-35.2639 -128.809 114.584,
					-70.5278 -150.603 57.5253,
					-35.2639 -172.398 0.467086,
					35.2639 -172.398 0.467086,
					70.5278 -150.603 57.5253,
					35.2639 -128.809 114.584,
				]
			}
			coordIndex [
				0, 1, 2, -1,
				0, 3, 1, -1,
				0, 4, 3, -1,
				0, 5, 4, -1,
				6, 7, 8, -1,
				6, 8, 9, -1,
				6, 9, 10, -1,
				6, 10, 11, -1,
				0, 2, 7, -1,
				0, 7, 6, -1,
				2, 1, 8, -1,
				2, 8, 7, -1,
				1, 3, 9, -1,
				1, 9, 8, -1,
				3, 4, 10, -1,
				3, 10, 9, -1,
				4, 5, 11, -1,
				4, 11, 10, -1,
				5, 0, 6, -1,
				5, 6, 11, -1,
			]
			solid FALSE
		}
	}
#---------- SOLID: AlInner_HEX_07_PV:0
	Shape {
		appearance Appearance {
			material Material {
				diffuseColor 0.7 0.7 0.7
				transparency 0.7
			}
		}
		geometry IndexedFaceSet {
			coord Coordinate {
				point [
					-20.1774 -73.0026 65.2955,
					-20.1774 -97.9432 0,
					-40.3548 -85.4729 32.6477,
					20.1774 -97.9432 0,
					40.3548 -85.4729 32.6477,
					20.1774 -73.0026 65.2955,
					-20.2783 -73.3676 65.6219,
					-40.5566 -85.9002 32.811,
					-20.2783 -98.4329 0,
					20.2783 -98.4329 0,
					40.5566 -85.9002 32.811,
					20.2783 -73.3676 65.6219,
				]
			}
			coordIndex [
				0, 1, 2, -1,
				0, 3, 1, -1,
				0, 4, 3, -1,
				0, 5, 4, -1,
				6, 7, 8, -1,
				6, 8, 9, -1,
				6, 9, 10, -1,
				6, 10, 11, -1,
				0, 2, 7, -1,
				0, 7, 6, -1,
				2, 1, 8, -1,
				2, 8, 7, -1,
				1, 3, 9, -1,
				1, 9, 8, -1,
				3, 4, 10, -1,
				3, 10, 9, -1,
				4, 5, 11, -1,
				4, 11, 10, -1,
				5, 0, 6, -1,
				5, 6, 11, -1,
			]
			solid FALSE
		}
	}
#---------- SOLID: AlSide_HEX_07_PV:0
	Shape {
		appearance Appearance {
			material Material {
				diffuseColor 0.55 0.55 0.55
				transparency 0.7
			}
		}
		geometry IndexedFaceSet {
			coord Coordinate {
				point [
					-20.2783 -73.3676 65.6219,
					-19.9896 -73.546 65.1549,
					-39.9792 -85.9002 32.811,
					-40.5566 -85.9002 32.811,
					-35.5526 -128.631 115.051,
					-71.1052 -150.603 57.5253,
					-70.5278 -150.603 57.5253,
					-35.2639 -128.809 114.584,
					-19.9896 -98.2545 0.467086,
					-20.2783 -98.4329 0,
					-35.5526 -172.576 0,
					-35.2639 -172.398 0.467086,
					19.9896 -98.2545 0.467086,
					20.2783 -98.4329 0,
					35.5526 -172.576 0,
					35.2639 -172.398 0.467086,
					39.9792 -85.9002 32.811,
					40.5566 -85.9002 32.811,
					71.1052 -150.603 57.5253,
					70.5278 -150.603 57.5253,
					19.9896 -73.546 65.1549,
					20.2783 -73.3676 65.6219,
					35.5526 -128.631 115.051,
					35.2639 -128.809 114.584,
				]
			}
			coordIndex [
				0, 1, 2, -1,
				0, 2, 3, -1,
				4, 5, 6, -1,
				4, 6, 7, -1,
				0, 3, 5, -1,
				0, 5, 4, -1,
				1, 7, 6, -1,
				1, 6, 2, -1,
				3, 2, 8, -1,
				3, 8, 9, -1,
				5, 10, 11, -1,
				5, 11, 6, -1,
				3, 9, 10, -1,
				3, 10, 5, -1,
				2, 6, 11, -1,
				2, 11, 8, -1,
				9, 8, 12, -1,
				9, 12, 13, -1,
				10, 14, 15, -1,
				10, 15, 11, -1,
				9, 13, 14, -1,
				9, 14, 10, -1,
				8, 11, 15, -1,
				8, 15, 12, -1,
				13, 12, 16, -1,
				13, 16, 17, -1,
				14, 18, 19, -1,
				14, 19, 15, -1,
				13, 17, 18, -1,
				13, 18, 14, -1,
				12, 15, 19, -1,
				12, 19, 16, -1,
				17, 16, 20, -1,
				17, 20, 21, -1,
				18, 22, 23, -1,
				18, 23, 19, -1,
				17, 21, 22, -1,
				17, 22, 18, -1,
				16, 19, 23, -1,
				16, 23, 20, -1,
				21, 20, 1, -1,
				21, 1, 0, -1,
				22, 4, 7, -1,
				22, 7, 23, -1,
				21, 0, 4, -1,
				21, 4, 22, -1,
				20, 23, 7, -1,
				20, 7, 1, -1,
			]
			solid FALSE
		}
	}
#---------- SOLID: Soccer_HEX_08_PV:0
	Shape {
		appearance Appearance {
			material Material {
				diffuseColor 0 0 1
				transparency 0.7
			}
		}
		geometry IndexedFaceSet {
			coord Coordinate {
				point [
					-33.0996 -40.735 85.4332,
					-85.4332 -33.0996 40.735,
					-65.4435 -20.7454 73.0789,
					-73.0789 -65.4435 20.7454,
					-40.735 -85.4332 33.0996,
					-20.7454 -73.0789 65.4435,
					-57.814 -71.2836 150.136,
					-114.872 -36.0197 128.342,
					-150.136 -57.814 71.2836,
					-128.342 -114.872 36.0197,
					-71.2836 -150.136 57.814,
					-36.0197 -128.342 114.872,
				]
			}
			coordIndex [
				0, 1, 2, -1,
				0, 3, 1, -1,
				0, 4, 3, -1,
				0, 5, 4, -1,
				6, 7, 8, -1,
				6, 8, 9, -1,
				6, 9, 10, -1,
				6, 10, 11, -1,
				0, 2, 7, -1,
				0, 7, 6, -1,
				2, 1, 8, -1,
				2, 8, 7, -1,
				1, 3, 9, -1,
				1, 9, 8, -1,
				3, 4, 10, -1,
				3, 10, 9, -1,
				4, 5, 11, -1,
				4, 11, 10, -1,
				5, 0, 6, -1,
				5, 6, 11, -1,
			]
			solid FALSE
		}
	}
#---------- SOLID: AlInner_HEX_08_PV:0
	Shape {
		appearance Appearance {
			material Material {
				diffuseColor 0.7 0.7 0.7
				transparency 0.7
			}
		}
		geometry IndexedFaceSet {
			coord Coordinate {
				point [
					-32.6477 -40.3548 85.4729,
					-85.4729 -32.6477 40.3548,
					-65.2955 -20.1774 73.0026,
					-73.0026 -65.2955 20.1774,
					-40.3548 -85.4729 32.6477,
					-20.1774 -73.0026 65.2955,
					-32.811 -40.5566 85.9002,
					-65.6219 -20.2783 73.3676,
					-85.9002 -32.811 40.5566,
					-73.3676 -65.6219 20.2783,
					-40.5566 -85.9002 32.811,
					-20.2783 -73.3676 65.6219,
				]
			}
			coordIndex [
				0, 1, 2, -1,
				0, 3, 1, -1,
				0, 4, 3, -1,
				0, 5, 4, -1,
				6, 7, 8, -1,
				6, 8, 9, -1,
				6, 9, 10, -1,
				6, 10, 11, -1,
				0, 2, 7, -1,
				0, 7, 6, -1,
				2, 1, 8, -1,
				2, 8, 7, -1,
				1, 3, 9, -1,
				1, 9, 8, -1,
				3, 4, 10, -1,
				3, 10, 9, -1,
				4, 5, 11, -1,
				4, 11, 10, -1,
				5, 0, 6, -1,
				5, 6, 11, -1,
			]
			solid FALSE
		}
	}
#---------- SOLID: AlSide_HEX_08_PV:0
	Shape {
		appearance Appearance {
			material Material {
				diffuseColor 0.55 0.55 0.55
				transparency 0.7
			}
		}
		geometry IndexedFaceSet {
			coord Coordinate {
				point [
					-32.811 -40.5566 85.9002,
					-33.0996 -40.735 85.4332,
					-65.4435 -20.7454 73.0789,
					-65.6219 -20.2783 73.3676,
					-57.5253 -71.1052 150.603,
					-115.051 -35.5526 128.631,
					-114.872 -36.0197 128.342,
					-57.814 -71.2836 150.136,
					-85.4332 -33.0996 40.735,
					-85.9002 -32.811 40.5566,
					-150.603 -57.5253 71.1052,
					-150.136 -57.814 71.2836,
					-73.0789 -65.4435 20.7454,
					-73.3676 -65.6219 20.2783,
					-128.631 -115.051 35.5526,
					-128.342 -114.872 36.0197,
					-40.735 -85.4332 33.0996,
					-40.5566 -85.9002 32.811,
					-71.1052 -150.603 57.5253,
					-71.2836 -150.136 57.814,
					-20.7454 -73.0789 65.4435,
					-20.2783 -73.3676 65.6219,
					-35.5526 -128.631 115.051,
					-36.0197 -128.342 114.872,
				]
			}
			coordIndex [
				0, 1, 2, -1,
				0, 2, 3, -1,
				4, 5, 6, -1,
				4, 6, 7, -1,
				0, 3, 5, -1,
				0, 5, 4, -1,
				1, 7, 6, -1,
				1, 6, 2, -1,
				3, 2, 8, -1,
				3, 8, 9, -1,
				5, 10, 11, -1,
				5, 11, 6, -1,
				3, 9, 10, -1,
				3, 10, 5, -1,
				2, 6, 11, -1,
				2, 11, 8, -1,
				9, 8, 12, -1,
				9, 12, 13, -1,
				10, 14, 15, -1,
				10, 15, 11, -1,
				9, 13, 14, -1,
				9, 14, 10, -1,
				8, 11, 15, -1,
				8, 15, 12, -1,
				13, 12, 16, -1,
				13, 16, 17, -1,
				14, 18, 19, -1,
				14, 19, 15, -1,
				13, 17, 18, -1,
				13, 18, 14, -1,
				12, 15, 19, -1,
				12, 19, 16, -1,
				17, 16, 20, -1,
				17, 20, 21, -1,
				18, 22, 23, -1,
				18, 23, 19, -1,
				17, 21, 22, -1,
				17, 22, 18, -1,
				16, 19, 23, -1,
				16, 23, 20, -1,
				21, 20, 1, -1,
				21, 1, 0, -1,
				22, 4, 7, -1,
				22, 7, 23, -1,
				21, 0, 4, -1,
				21, 4, 22, -1,
				20, 23, 7, -1,
				20, 7, 1, -1,
			]
			solid FALSE
		}
	}
#---------- SOLID: Soccer_HEX_09_PV:0
	Shape {
		appearance Appearance {
			material Material {
				diffuseColor 0 0 1
				transparency 0.7
			}
		}
		geometry IndexedFaceSet {
			coord Coordinate {
				point [
					20.7454 -73.0789 65.4435,
					73.0789 -65.4435 20.7454,
					40.735 -85.4332 33.0996,
					85.4332 -33.0996 40.735,
					65.4435 -20.7454 73.0789,
					33.0996 -40.735 85.4332,
					36.0197 -128.342 114.872,
					71.2836 -150.136 57.814,
					128.342 -114.872 36.0197,
					150.136 -57.814 71.2836,
					114.872 -36.0197 128.342,
					57.814 -71.2836 150.136,
				]
			}
			coordIndex [
				0, 1, 2, -1,
				0, 3, 1, -1,
				0, 4, 3, -1,
				0, 5, 4, -1,
				6, 7, 8, -1,
				6, 8, 9, -1,
				6, 9, 10, -1,
				6, 10, 11, -1,
				0, 2, 7, -1,
				0, 7, 6, -1,
				2, 1, 8, -1,
				2, 8, 7, -1,
				1, 3, 9, -1,
				1, 9, 8, -1,
				3, 4, 10, -1,
				3, 10, 9, -1,
				4, 5, 11, -1,
				4, 11, 10, -1,
				5, 0, 6, -1,
				5, 6, 11, -1,
			]
			solid FALSE
		}
	}
#---------- SOLID: AlInner_HEX_09_PV:0
	Shape {
		appearance Appearance {
			material Material {
				diffuseColor 0.7 0.7 0.7
				transparency 0.7
			}
		}
		geometry IndexedFaceSet {
			coord Coordinate {
				point [
					20.1774 -73.0026 65.2955,
					73.0026 -65.2955 20.1774,
					40.3548 -85.4729 32.6477,
					85.4729 -32.6477 40.3548,
					65.2955 -20.1774 73.0026,
					32.6477 -40.3548 85.4729,
					20.2783 -73.3676 65.6219,
					40.5566 -85.9002 32.811,
					73.3676 -65.6219 20.2783,
					85.9002 -32.811 40.5566,
					65.6219 -20.2783 73.3676,
					32.811 -40.5566 85.9002,
				]
			}
			coordIndex [
				0, 1, 2, -1,
				0, 3, 1, -1,
				0, 4, 3, -1,
				0, 5, 4, -1,
				6, 7, 8, -1,
				6, 8, 9, -1,
				6, 9, 10, -1,
				6, 10, 11, -1,
				0, 2, 7, -1,
				0, 7, 6, -1,
				2, 1, 8, -1,
				2, 8, 7, -1,
				1, 3, 9, -1,
				1, 9, 8, -1,
				3, 4, 10, -1,
				3, 10, 9, -1,
				4, 5, 11, -1,
				4, 11, 10, -1,
				5, 0, 6, -1,
				5, 6, 11, -1,
			]
			solid FALSE
		}
	}
#---------- SOLID: AlSide_HEX_09_PV:0
	Shape {
		appearance Appearance {
			material Material {
				diffuseColor 0.55 0.55 0.55
				transparency 0.7
			}
		}
		geometry IndexedFaceSet {
			coord Coordinate {
				point [
					20.2783 -73.3676 65.6219,
					20.7454 -73.0789 65.4435,
					40.735 -85.4332 33.0996,
					40.5566 -85.9002 32.811,
					35.5526 -128.631 115.051,
					71.1052 -150.603 57.5253,
					71.2836 -150.136 57.814,
					36.0197 -128.342 114.872,
					73.0789 -65.4435 20.7454,
					73.3676 -65.6219 20.2783,
					128.631 -115.051 35.5526,
					128.342 -114.872 36.0197,
					85.4332 -33.0996 40.735,
					85.9002 -32.811 40.5566,
					150.603 -57.5253 71.1052,
					150.136 -57.814 71.2836,
					65.4435 -20.7454 73.0789,
					65.6219 -20.2783 73.3676,
					115.051 -35.5526 128.631,
					114.872 -36.0197 128.342,
					33.0996 -40.735 85.4332,
					32.811 -40.5566 85.9002,
					57.5253 -71.1052 150.603,
					57.814 -71.2836 150.136,
				]
			}
			coordIndex [
				0, 1, 2, -1,
				0, 2, 3, -1,
				4, 5, 6, -1,
				4, 6, 7, -1,
				0, 3, 5, -1,
				0, 5, 4, -1,
				1, 7, 6, -1,
				1, 6, 2, -1,
				3, 2, 8, -1,
				3, 8, 9, -1,
				5, 10, 11, -1,
				5, 11, 6, -1,
				3, 9, 10, -1,
				3, 10, 5, -1,
				2, 6, 11, -1,
				2, 11, 8, -1,
				9, 8, 12, -1,
				9, 12, 13, -1,
				10, 14, 15, -1,
				10, 15, 11, -1,
				9, 13, 14, -1,
				9, 14, 10, -1,
				8, 11, 15, -1,
				8, 15, 12, -1,
				13, 12, 16, -1,
				13, 16, 17, -1,
				14, 18, 19, -1,
				14, 19, 15, -1,
				13, 17, 18, -1,
				13, 18, 14, -1,
				12, 15, 19, -1,
				12, 19, 16, -1,
				17, 16, 20, -1,
				17, 20, 21, -1,
				18, 22, 23, -1,
				18, 23, 19, -1,
				17, 21, 22, -1,
				17, 22, 18, -1,
				16, 19, 23, -1,
				16, 23, 20, -1,
				21, 20, 1, -1,
				21, 1, 0, -1,
				22, 4, 7, -1,
				22, 7, 23, -1,
				21, 0, 4, -1,
				21, 4, 22, -1,
				20, 23, 7, -1,
				20, 7, 1, -1,
			]
			solid FALSE
		}
	}
#---------- SOLID: Soccer_HEX_10_PV:0
	Shape {
		appearance Appearance {
			material Material {
				diffuseColor 0 0 1
				transparency 0.7
			}
		}
		geometry IndexedFaceSet {
			coord Coordinate {
				point [
					-19.9896 73.546 -65.1549,
					-19.9896 98.2545 -0.467086,
					-39.9792 85.9002 -32.811,
					19.9896 98.2545 -0.467086,
					39.9792 85.9002 -32.811,
					19.9896 73.546 -65.1549,
					-35.2639 128.809 -114.584,
					-70.5278 150.603 -57.5253,
					-35.2639 172.398 -0.467086,
					35.2639 172.398 -0.467086,
					70.5278 150.603 -57.5253,
					35.2639 128.809 -114.584,
				]
			}
			coordIndex [
				0, 1, 2, -1,
				0, 3, 1, -1,
				0, 4, 3, -1,
				0, 5, 4, -1,
				6, 7, 8, -1,
				6, 8, 9, -1,
				6, 9, 10, -1,
				6, 10, 11, -1,
				0, 2, 7, -1,
				0, 7, 6, -1,
				2, 1, 8, -1,
				2, 8, 7, -1,
				1, 3, 9, -1,
				1, 9, 8, -1,
				3, 4, 10, -1,
				3, 10, 9, -1,
				4, 5, 11, -1,
				4, 11, 10, -1,
				5, 0, 6, -1,
				5, 6, 11, -1,
			]
			solid FALSE
		}
	}
#---------- SOLID: AlInner_HEX_10_PV:0
	Shape {
		appearance Appearance {
			material Material {
				diffuseColor 0.7 0.7 0.7
				transparency 0.7
			}
		}
		geometry IndexedFaceSet {
			coord Coordinate {
				point [
					-20.1774 73.0026 -65.2955,
					-20.1774 97.9432 0,
					-40.3548 85.4729 -32.6477,
					20.1774 97.9432 0,
					40.3548 85.4729 -32.6477,
					20.1774 73.0026 -65.2955,
					-20.2783 73.3676 -65.6219,
					-40.5566 85.9002 -32.811,
					-20.2783 98.4329 0,
					20.2783 98.4329 0,
					40.5566 85.9002 -32.811,
					20.2783 73.3676 -65.6219,
				]
			}
			coordIndex [
				0, 1, 2, -1,
				0, 3, 1, -1,
				0, 4, 3, -1,
				0, 5, 4, -1,
				6, 7, 8, -1,
				6, 8, 9, -1,
				6, 9, 10, -1,
				6, 10, 11, -1,
				0, 2, 7, -1,
				0, 7, 6, -1,
				2, 1, 8, -1,
				2, 8, 7, -1,
				1, 3, 9, -1,
				1, 9, 8, -1,
				3, 4, 10, -1,
				3, 10, 9, -1,
				4, 5, 11, -1,
				4, 11, 10, -1,
				5, 0, 6, -1,
				5, 6, 11, -1,
			]
			solid FALSE
		}
	}
#---------- SOLID: AlSide_HEX_10_PV:0
	Shape {
		appearance Appearance {
			material Material {
				diffuseColor 0.55 0.55 0.55
				transparency 0.7
			}
		}
		geometry IndexedFaceSet {
			coord Coordinate {
				point [
					-20.2783 73.3676 -65.6219,
					-19.9896 73.546 -65.1549,
					-39.9792 85.9002 -32.811,
					-40.5566 85.9002 -32.811,
					-35.5526 128.631 -115.051,
					-71.1052 150.603 -57.5253,
					-70.5278 150.603 -57.5253,
					-35.2639 128.809 -114.584,
					-19.9896 98.2545 -0.467086,
					-20.2783 98.4329 0,
					-35.5526 172.576 0,
					-35.2639 172.398 -0.467086,
					19.9896 98.2545 -0.467086,
					20.2783 98.4329 0,
					35.5526 172.576 0,
					35.2639 172.398 -0.467086,
					39.9792 85.9002 -32.811,
					40.5566 85.9002 -32.811,
					71.1052 150.603 -57.5253,
					70.5278 150.603 -57.5253,
					19.9896 73.546 -65.1549,
					20.2783 73.3676 -65.6219,
					35.5526 128.631 -115.051,
					35.2639 128.809 -114.584,
				]
			}
			coordIndex [
				0, 1, 2, -1,
				0, 2, 3, -1,
				4, 5, 6, -1,
				4, 6, 7, -1,
				0, 3, 5, -1,
				0, 5, 4, -1,
				1, 7, 6, -1,
				1, 6, 2, -1,
				3, 2, 8, -1,
				3, 8, 9, -1,
				5, 10, 11, -1,
				5, 11, 6, -1,
				3, 9, 10, -1,
				3, 10, 5, -1,
				2, 6, 11, -1,
				2, 11, 8, -1,
				9, 8, 12, -1,
				9, 12, 13, -1,
				10, 14, 15, -1,
				10, 15, 11, -1,
				9, 13, 14, -1,
				9, 14, 10, -1,
				8, 11, 15, -1,
				8, 15, 12, -1,
				13, 12, 16, -1,
				13, 16, 17, -1,
				14, 18, 19, -1,
				14, 19, 15, -1,
				13, 17, 18, -1,
				13, 18, 14, -1,
				12, 15, 19, -1,
				12, 19, 16, -1,
				17, 16, 20, -1,
				17, 20, 21, -1,
				18, 22, 23, -1,
				18, 23, 19, -1,
				17, 21, 22, -1,
				17, 22, 18, -1,
				16, 19, 23, -1,
				16, 23, 20, -1,
				21, 20, 1, -1,
				21, 1, 0, -1,
				22, 4, 7, -1,
				22, 7, 23, -1,
				21, 0, 4, -1,
				21, 4, 22, -1,
				20, 23, 7, -1,
				20, 7, 1, -1,
			]
			solid FALSE
		}
	}
#---------- SOLID: Soccer_HEX_11_PV:0
	Shape {
		appearance Appearance {
			material Material {
				diffuseColor 0 0 1
				transparency 0.7
			}
		}
		geometry IndexedFaceSet {
			coord Coordinate {
				point [
					-33.0996 40.735 -85.4332,
					-85.4332 33.0996 -40.735,
					-65.4435 20.7454 -73.0789,
					-73.0789 65.4435 -20.7454,
					-40.735 85.4332 -33.0996,
					-20.7454 73.0789 -65.4435,
					-57.814 71.2836 -150.136,
					-114.872 36.0197 -128.342,
					-150.136 57.814 -71.2836,
					-128.342 114.872 -36.0197,
					-71.2836 150.136 -57.814,
					-36.0197 128.342 -114.872,
				]
			}
			coordIndex [
				0, 1, 2, -1,
				0, 3, 1, -1,
				0, 4, 3, -1,
				0, 5, 4, -1,
				6, 7, 8, -1,
				6, 8, 9, -1,
				6, 9, 10, -1,
				6, 10, 11, -1,
				0, 2, 7, -1,
				0, 7, 6, -1,
				2, 1, 8, -1,
				2, 8, 7, -1,
				1, 3, 9, -1,
				1, 9, 8, -1,
				3, 4, 10, -1,
				3, 10, 9, -1,
				4, 5, 11, -1,
				4, 11, 10, -1,
				5, 0, 6, -1,
				5, 6, 11, -1,
			]
			solid FALSE
		}
	}
#---------- SOLID: AlInner_HEX_11_PV:0
	Shape {
		appearance Appearance {
			material Material {
				diffuseColor 0.7 0.7 0.7
				transparency 0.7
			}
		}
		geometry IndexedFaceSet {
			coord Coordinate {
				point [
					-32.6477 40.3548 -85.4729,
					-85.4729 32.6477 -40.3548,
					-65.2955 20.1774 -73.0026,
					-73.0026 65.2955 -20.1774,
					-40.3548 85.4729 -32.6477,
					-20.1774 73.0026 -65.2955,
					-32.811 40.5566 -85.9002,
					-65.6219 20.2783 -73.3676,
					-85.9002 32.811 -40.5566,
					-73.3676 65.6219 -20.2783,
					-40.5566 85.9002 -32.811,
					-20.2783 73.3676 -65.6219,
				]
			}
			coordIndex [
				0, 1, 2, -1,
				0, 3, 1, -1,
				0, 4, 3, -1,
				0, 5, 4, -1,
				6, 7, 8, -1,
				6, 8, 9, -1,
				6, 9, 10, -1,
				6, 10, 11, -1,
				0, 2, 7, -1,
				0, 7, 6, -1,
				2, 1, 8, -1,
				2, 8, 7, -1,
				1, 3, 9, -1,
				1, 9, 8, -1,
				3, 4, 10, -1,
				3, 10, 9, -1,
				4, 5, 11, -1,
				4, 11, 10, -1,
				5, 0, 6, -1,
				5, 6, 11, -1,
			]
			solid FALSE
		}
	}
#---------- SOLID: AlSide_HEX_11_PV:0
	Shape {
		appearance Appearance {
			material Material {
				diffuseColor 0.55 0.55 0.55
				transparency 0.7
			}
		}
		geometry IndexedFaceSet {
			coord Coordinate {
				point [
					-32.811 40.5566 -85.9002,
					-33.0996 40.735 -85.4332,
					-65.4435 20.7454 -73.0789,
					-65.6219 20.2783 -73.3676,
					-57.5253 71.1052 -150.603,
					-115.051 35.5526 -128.631,
					-114.872 36.0197 -128.342,
					-57.814 71.2836 -150.136,
					-85.4332 33.0996 -40.735,
					-85.9002 32.811 -40.5566,
					-150.603 57.5253 -71.1052,
					-150.136 57.814 -71.2836,
					-73.0789 65.4435 -20.7454,
					-73.3676 65.6219 -20.2783,
					-128.631 115.051 -35.5526,
					-128.342 114.872 -36.0197,
					-40.735 85.4332 -33.0996,
					-40.5566 85.9002 -32.811,
					-71.1052 150.603 -57.5253,
					-71.2836 150.136 -57.814,
					-20.7454 73.0789 -65.4435,
					-20.2783 73.3676 -65.6219,
					-35.5526 128.631 -115.051,
					-36.0197 128.342 -114.872,
				]
			}
			coordIndex [
				0, 1, 2, -1,
				0, 2, 3, -1,
				4, 5, 6, -1,
				4, 6, 7, -1,
				0, 3, 5, -1,
				0, 5, 4, -1,
				1, 7, 6, -1,
				1, 6, 2, -1,
				3, 2, 8, -1,
				3, 8, 9, -1,
				5, 10, 11, -1,
				5, 11, 6, -1,
				3, 9, 10, -1,
				3, 10, 5, -1,
				2, 6, 11, -1,
				2, 11, 8, -1,
				9, 8, 12, -1,
				9, 12, 13, -1,
				10, 14, 15, -1,
				10, 15, 11, -1,
				9, 13, 14, -1,
				9, 14, 10, -1,
				8, 11, 15, -1,
				8, 15, 12, -1,
				13, 12, 16, -1,
				13, 16, 17, -1,
				14, 18, 19, -1,
				14, 19, 15, -1,
				13, 17, 18, -1,
				13, 18, 14, -1,
				12, 15, 19, -1,
				12, 19, 16, -1,
				17, 16, 20, -1,
				17, 20, 21, -1,
				18, 22, 23, -1,
				18, 23, 19, -1,
				17, 21, 22, -1,
				17, 22, 18, -1,
				16, 19, 23, -1,
				16, 23, 20, -1,
				21, 20, 1, -1,
				21, 1, 0, -1,
				22, 4, 7, -1,
				22, 7, 23, -1,
				21, 0, 4, -1,
				21, 4, 22, -1,
				20, 23, 7, -1,
				20, 7, 1, -1,
			]
			solid FALSE
		}
	}
#---------- SOLID: Soccer_HEX_12_PV:0
	Shape {
		appearance Appearance {
			material Material {
				diffuseColor 0 0 1
				transparency 0.7
			}
		}
		geometry IndexedFaceSet {
			coord Coordinate {
				point [
					20.7454 73.0789 -65.4435,
					73.0789 65.4435 -20.7454,
					40.735 85.4332 -33.0996,
					85.4332 33.0996 -40.735,
					65.4435 20.7454 -73.0789,
					33.0996 40.735 -85.4332,
					36.0197 128.342 -114.872,
					71.2836 150.136 -57.814,
					128.342 114.872 -36.0197,
					150.136 57.814 -71.2836,
					114.872 36.0197 -128.342,
					57.814 71.2836 -150.136,
				]
			}
			coordIndex [
				0, 1, 2, -1,
				0, 3, 1, -1,
				0, 4, 3, -1,
				0, 5, 4, -1,
				6, 7, 8, -1,
				6, 8, 9, -1,
				6, 9, 10, -1,
				6, 10, 11, -1,
				0, 2, 7, -1,
				0, 7, 6, -1,
				2, 1, 8, -1,
				2, 8, 7, -1,
				1, 3, 9, -1,
				1, 9, 8, -1,
				3, 4, 10, -1,
				3, 10, 9, -1,
				4, 5, 11, -1,
				4, 11, 10, -1,
				5, 0, 6, -1,
				5, 6, 11, -1,
			]
			solid FALSE
		}
	}
#---------- SOLID: AlInner_HEX_12_PV:0
	Shape {
		appearance Appearance {
			material Material {
				diffuseColor 0.7 0.7 0.7
				transparency 0.7
			}
		}
		geometry IndexedFaceSet {
			coord Coordinate {
				point [
					20.1774 73.0026 -65.2955,
					73.0026 65.2955 -20.1774,
					40.3548 85.4729 -32.6477,
					85.4729 32.6477 -40.3548,
					65.2955 20.1774 -73.0026,
					32.6477 40.3548 -85.4729,
					20.2783 73.3676 -65.6219,
					40.5566 85.9002 -32.811,
					73.3676 65.6219 -20.2783,
					85.9002 32.811 -40.5566,
					65.6219 20.2783 -73.3676,
					32.811 40.5566 -85.9002,
				]
			}
			coordIndex [
				0, 1, 2, -1,
				0, 3, 1, -1,
				0, 4, 3, -1,
				0, 5, 4, -1,
				6, 7, 8, -1,
				6, 8, 9, -1,
				6, 9, 10, -1,
				6, 10, 11, -1,
				0, 2, 7, -1,
				0, 7, 6, -1,
				2, 1, 8, -1,
				2, 8, 7, -1,
				1, 3, 9, -1,
				1, 9, 8, -1,
				3, 4, 10, -1,
				3, 10, 9, -1,
				4, 5, 11, -1,
				4, 11, 10, -1,
				5, 0, 6, -1,
				5, 6, 11, -1,
			]
			solid FALSE
		}
	}
#---------- SOLID: AlSide_HEX_12_PV:0
	Shape {
		appearance Appearance {
			material Material {
				diffuseColor 0.55 0.55 0.55
				transparency 0.7
			}
		}
		geometry IndexedFaceSet {
			coord Coordinate {
				point [
					20.2783 73.3676 -65.6219,
					20.7454 73.0789 -65.4435,
					40.735 85.4332 -33.0996,
					40.5566 85.9002 -32.811,
					35.5526 128.631 -115.051,
					71.1052 150.603 -57.5253,
					71.2836 150.136 -57.814,
					36.0197 128.342 -114.872,
					73.0789 65.4435 -20.7454,
					73.3676 65.6219 -20.2783,
					128.631 115.051 -35.5526,
					128.342 114.872 -36.0197,
					85.4332 33.0996 -40.735,
					85.9002 32.811 -40.5566,
					150.603 57.5253 -71.1052,
					150.136 57.814 -71.2836,
					65.4435 20.7454 -73.0789,
					65.6219 20.2783 -73.3676,
					115.051 35.5526 -128.631,
					114.872 36.0197 -128.342,
					33.0996 40.735 -85.4332,
					32.811 40.5566 -85.9002,
					57.5253 71.1052 -150.603,
					57.814 71.2836 -150.136,
				]
			}
			coordIndex [
				0, 1, 2, -1,
				0, 2, 3, -1,
				4, 5, 6, -1,
				4, 6, 7, -1,
				0, 3, 5, -1,
				0, 5, 4, -1,
				1, 7, 6, -1,
				1, 6, 2, -1,
				3, 2, 8, -1,
				3, 8, 9, -1,
				5, 10, 11, -1,
				5, 11, 6, -1,
				3, 9, 10, -1,
				3, 10, 5, -1,
				2, 6, 11, -1,
				2, 11, 8, -1,
				9, 8, 12, -1,
				9, 12, 13, -1,
				10, 14, 15, -1,
				10, 15, 11, -1,
				9, 13, 14, -1,
				9, 14, 10, -1,
				8, 11, 15, -1,
				8, 15, 12, -1,
				13, 12, 16, -1,
				13, 16, 17, -1,
				14, 18, 19, -1,
				14, 19, 15, -1,
				13, 17, 18, -1,
				13, 18, 14, -1,
				12, 15, 19, -1,
				12, 19, 16, -1,
				17, 16, 20, -1,
				17, 20, 21, -1,
				18, 22, 23, -1,
				18, 23, 19, -1,
				17, 21, 22, -1,
				17, 22, 18, -1,
				16, 19, 23, -1,
				16, 23, 20, -1,
				21, 20, 1, -1,
				21, 1, 0, -1,
				22, 4, 7, -1,
				22, 7, 23, -1,
				21, 0, 4, -1,
				21, 4, 22, -1,
				20, 23, 7, -1,
				20, 7, 1, -1,
			]
			solid FALSE
		}
	}
#---------- SOLID: Soccer_HEX_13_PV:0
	Shape {
		appearance Appearance {
			material Material {
				diffuseColor 0 0 1
				transparency 0.7
			}
		}
		geometry IndexedFaceSet {
			coord Coordinate {
				point [
					19.9896 73.546 65.1549,
					19.9896 98.2545 0.467086,
					39.9792 85.9002 32.811,
					-19.9896 98.2545 0.467086,
					-39.9792 85.9002 32.811,
					-19.9896 73.546 65.1549,
					35.2639 128.809 114.584,
					70.5278 150.603 57.5253,
					35.2639 172.398 0.467086,
					-35.2639 172.398 0.467086,
					-70.5278 150.603 57.5253,
					-35.2639 128.809 114.584,
				]
			}
			coordIndex [
				0, 1, 2, -1,
				0, 3, 1, -1,
				0, 4, 3, -1,
				0, 5, 4, -1,
				6, 7, 8, -1,
				6, 8, 9, -1,
				6, 9, 10, -1,
				6, 10, 11, -1,
				0, 2, 7, -1,
				0, 7, 6, -1,
				2, 1, 8, -1,
				2, 8, 7, -1,
				1, 3, 9, -1,
				1, 9, 8, -1,
				3, 4, 10, -1,
				3, 10, 9, -1,
				4, 5, 11, -1,
				4, 11, 10, -1,
				5, 0, 6, -1,
				5, 6, 11, -1,
			]
			solid FALSE
		}
	}
#---------- SOLID: AlInner_HEX_13_PV:0
	Shape {
		appearance Appearance {
			material Material {
				diffuseColor 0.7 0.7 0.7
				transparency 0.7
			}
		}
		geometry IndexedFaceSet {
			coord Coordinate {
				point [
					20.1774 73.0026 65.2955,
					20.1774 97.9432 0,
					40.3548 85.4729 32.6477,
					-20.1774 97.9432 0,
					-40.3548 85.4729 32.6477,
					-20.1774 73.0026 65.2955,
					20.2783 73.3676 65.6219,
					40.5566 85.9002 32.811,
					20.2783 98.4329 0,
					-20.2783 98.4329 0,
					-40.5566 85.9002 32.811,
					-20.2783 73.3676 65.6219,
				]
			}
			coordIndex [
				0, 1, 2, -1,
				0, 3, 1, -1,
				0, 4, 3, -1,
				0, 5, 4, -1,
				6, 7, 8, -1,
				6, 8, 9, -1,
				6, 9, 10, -1,
				6, 10, 11, -1,
				0, 2, 7, -1,
				0, 7, 6, -1,
				2, 1, 8, -1,
				2, 8, 7, -1,
				1, 3, 9, -1,
				1, 9, 8, -1,
				3, 4, 10, -1,
				3, 10, 9, -1,
				4, 5, 11, -1,
				4, 11, 10, -1,
				5, 0, 6, -1,
				5, 6, 11, -1,
			]
			solid FALSE
		}
	}
#---------- SOLID: AlSide_HEX_13_PV:0
	Shape {
		appearance Appearance {
			material Material {
				diffuseColor 0.55 0.55 0.55
				transparency 0.7
			}
		}
		geometry IndexedFaceSet {
			coord Coordinate {
				point [
					20.2783 73.3676 65.6219,
					19.9896 73.546 65.1549,
					39.9792 85.9002 32.811,
					40.5566 85.9002 32.811,
					35.5526 128.631 115.051,
					71.1052 150.603 57.5253,
					70.5278 150.603 57.5253,
					35.2639 128.809 114.584,
					19.9896 98.2545 0.467086,
					20.2783 98.4329 0,
					35.5526 172.576 0,
					35.2639 172.398 0.467086,
					-19.9896 98.2545 0.467086,
					-20.2783 98.4329 0,
					-35.5526 172.576 0,
					-35.2639 172.398 0.467086,
					-39.9792 85.9002 32.811,
					-40.5566 85.9002 32.811,
					-71.1052 150.603 57.5253,
					-70.5278 150.603 57.5253,
					-19.9896 73.546 65.1549,
					-20.2783 73.3676 65.6219,
					-35.5526 128.631 115.051,
					-35.2639 128.809 114.584,
				]
			}
			coordIndex [
				0, 1, 2, -1,
				0, 2, 3, -1,
				4, 5, 6, -1,
				4, 6, 7, -1,
				0, 3, 5, -1,
				0, 5, 4, -1,
				1, 7, 6, -1,
				1, 6, 2, -1,
				3, 2, 8, -1,
				3, 8, 9, -1,
				5, 10, 11, -1,
				5, 11, 6, -1,
				3, 9, 10, -1,
				3, 10, 5, -1,
				2, 6, 11, -1,
				2, 11, 8, -1,
				9, 8, 12, -1,
				9, 12, 13, -1,
				10, 14, 15, -1,
				10, 15, 11, -1,
				9, 13, 14, -1,
				9, 14, 10, -1,
				8, 11, 15, -1,
				8, 15, 12, -1,
				13, 12, 16, -1,
				13, 16, 17, -1,
				14, 18, 19, -1,
				14, 19, 15, -1,
				13, 17, 18, -1,
				13, 18, 14, -1,
				12, 15, 19, -1,
				12, 19, 16, -1,
				17, 16, 20, -1,
				17, 20, 21, -1,
				18, 22, 23, -1,
				18, 23, 19, -1,
				17, 21, 22, -1,
				17, 22, 18, -1,
				16, 19, 23, -1,
				16, 23, 20, -1,
				21, 20, 1, -1,
				21, 1, 0, -1,
				22, 4, 7, -1,
				22, 7, 23, -1,
				21, 0, 4, -1,
				21, 4, 22, -1,
				20, 23, 7, -1,
				20, 7, 1, -1,
			]
			solid FALSE
		}
	}
#---------- SOLID: Soccer_HEX_14_PV:0
	Shape {
		appearance Appearance {
			material Material {
				diffuseColor 0 0 1
				transparency 0.7
			}
		}
		geometry IndexedFaceSet {
			coord Coordinate {
				point [
					-20.7454 73.0789 65.4435,
					-73.0789 65.4435 20.7454,
					-40.735 85.4332 33.0996,
					-85.4332 33.0996 40.735,
					-65.4435 20.7454 73.0789,
					-33.0996 40.735 85.4332,
					-36.0197 128.342 114.872,
					-71.2836 150.136 57.814,
					-128.342 114.872 36.0197,
					-150.136 57.814 71.2836,
					-114.872 36.0197 128.342,
					-57.814 71.2836 150.136,
				]
			}
			coordIndex [
				0, 1, 2, -1,
				0, 3, 1, -1,
				0, 4, 3, -1,
				0, 5, 4, -1,
				6, 7, 8, -1,
				6, 8, 9, -1,
				6, 9, 10, -1,
				6, 10, 11, -1,
				0, 2, 7, -1,
				0, 7, 6, -1,
				2, 1, 8, -1,
				2, 8, 7, -1,
				1, 3, 9, -1,
				1, 9, 8, -1,
				3, 4, 10, -1,
				3, 10, 9, -1,
				4, 5, 11, -1,
				4, 11, 10, -1,
				5, 0, 6, -1,
				5, 6, 11, -1,
			]
			solid FALSE
		}
	}
#---------- SOLID: AlInner_HEX_14_PV:0
	Shape {
		appearance Appearance {
			material Material {
				diffuseColor 0.7 0.7 0.7
				transparency 0.7
			}
		}
		geometry IndexedFaceSet {
			coord Coordinate {
				point [
					-20.1774 73.0026 65.2955,
					-73.0026 65.2955 20.1774,
					-40.3548 85.4729 32.6477,
					-85.4729 32.6477 40.3548,
					-65.2955 20.1774 73.0026,
					-32.6477 40.3548 85.4729,
					-20.2783 73.3676 65.6219,
					-40.5566 85.9002 32.811,
					-73.3676 65.6219 20.2783,
					-85.9002 32.811 40.5566,
					-65.6219 20.2783 73.3676,
					-32.811 40.5566 85.9002,
				]
			}
			coordIndex [
				0, 1, 2, -1,
				0, 3, 1, -1,
				0, 4, 3, -1,
				0, 5, 4, -1,
				6, 7, 8, -1,
				6, 8, 9, -1,
				6, 9, 10, -1,
				6, 10, 11, -1,
				0, 2, 7, -1,
				0, 7, 6, -1,
				2, 1, 8, -1,
				2, 8, 7, -1,
				1, 3, 9, -1,
				1, 9, 8, -1,
				3, 4, 10, -1,
				3, 10, 9, -1,
				4, 5, 11, -1,
				4, 11, 10, -1,
				5, 0, 6, -1,
				5, 6, 11, -1,
			]
			solid FALSE
		}
	}
#---------- SOLID: AlSide_HEX_14_PV:0
	Shape {
		appearance Appearance {
			material Material {
				diffuseColor 0.55 0.55 0.55
				transparency 0.7
			}
		}
		geometry IndexedFaceSet {
			coord Coordinate {
				point [
					-20.2783 73.3676 65.6219,
					-20.7454 73.0789 65.4435,
					-40.735 85.4332 33.0996,
					-40.5566 85.9002 32.811,
					-35.5526 128.631 115.051,
					-71.1052 150.603 57.5253,
					-71.2836 150.136 57.814,
					-36.0197 128.342 114.872,
					-73.0789 65.4435 20.7454,
					-73.3676 65.6219 20.2783,
					-128.631 115.051 35.5526,
					-128.342 114.872 36.0197,
					-85.4332 33.0996 40.735,
					-85.9002 32.811 40.5566,
					-150.603 57.5253 71.1052,
					-150.136 57.814 71.2836,
					-65.4435 20.7454 73.0789,
					-65.6219 20.2783 73.3676,
					-115.051 35.5526 128.631,
					-114.872 36.0197 128.342,
					-33.0996 40.735 85.4332,
					-32.811 40.5566 85.9002,
					-57.5253 71.1052 150.603,
					-57.814 71.2836 150.136,
				]
			}
			coordIndex [
				0, 1, 2, -1,
				0, 2, 3, -1,
				4, 5, 6, -1,
				4, 6, 7, -1,
				0, 3, 5, -1,
				0, 5, 4, -1,
				1, 7, 6, -1,
				1, 6, 2, -1,
				3, 2, 8, -1,
				3, 8, 9, -1,
				5, 10, 11, -1,
				5, 11, 6, -1,
				3, 9, 10, -1,
				3, 10, 5, -1,
				2, 6, 11, -1,
				2, 11, 8, -1,
				9, 8, 12, -1,
				9, 12, 13, -1,
				10, 14, 15, -1,
				10, 15, 11, -1,
				9, 13, 14, -1,
				9, 14, 10, -1,
				8, 11, 15, -1,
				8, 15, 12, -1,
				13, 12, 16, -1,
				13, 16, 17, -1,
				14, 18, 19, -1,
				14, 19, 15, -1,
				13, 17, 18, -1,
				13, 18, 14, -1,
				12, 15, 19, -1,
				12, 19, 16, -1,
				17, 16, 20, -1,
				17, 20, 21, -1,
				18, 22, 23, -1,
				18, 23, 19, -1,
				17, 21, 22, -1,
				17, 22, 18, -1,
				16, 19, 23, -1,
				16, 23, 20, -1,
				21, 20, 1, -1,
				21, 1, 0, -1,
				22, 4, 7, -1,
				22, 7, 23, -1,
				21, 0, 4, -1,
				21, 4, 22, -1,
				20, 23, 7, -1,
				20, 7, 1, -1,
			]
			solid FALSE
		}
	}
#---------- SOLID: Soccer_HEX_15_PV:0
	Shape {
		appearance Appearance {
			material Material {
				diffuseColor 0 0 1
				transparency 0.7
			}
		}
		geometry IndexedFaceSet {
			coord Coordinate {
				point [
					33.0996 40.735 85.4332,
					85.4332 33.0996 40.735,
					65.4435 20.7454 73.0789,
					73.0789 65.4435 20.7454,
					40.735 85.4332 33.0996,
					20.7454 73.0789 65.4435,
					57.814 71.2836 150.136,
					114.872 36.0197 128.342,
					150.136 57.814 71.2836,
					128.342 114.872 36.0197,
					71.2836 150.136 57.814,
					36.0197 128.342 114.872,
				]
			}
			coordIndex [
				0, 1, 2, -1,
				0, 3, 1, -1,
				0, 4, 3, -1,
				0, 5, 4, -1,
				6, 7, 8, -1,
				6, 8, 9, -1,
				6, 9, 10, -1,
				6, 10, 11, -1,
				0, 2, 7, -1,
				0, 7, 6, -1,
				2, 1, 8, -1,
				2, 8, 7, -1,
				1, 3, 9, -1,
				1, 9, 8, -1,
				3, 4, 10, -1,
				3, 10, 9, -1,
				4, 5, 11, -1,
				4, 11, 10, -1,
				5, 0, 6, -1,
				5, 6, 11, -1,
			]
			solid FALSE
		}
	}
#---------- SOLID: AlInner_HEX_15_PV:0
	Shape {
		appearance Appearance {
			material Material {
				diffuseColor 0.7 0.7 0.7
				transparency 0.7
			}
		}
		geometry IndexedFaceSet {
			coord Coordinate {
				point [
					32.6477 40.3548 85.4729,
					85.4729 32.6477 40.3548,
					65.2955 20.1774 73.0026,
					73.0026 65.2955 20.1774,
					40.3548 85.4729 32.6477,
					20.1774 73.0026 65.2955,
					32.811 40.5566 85.9002,
					65.6219 20.2783 73.3676,
					85.9002 32.811 40.5566,
					73.3676 65.6219 20.2783,
					40.5566 85.9002 32.811,
					20.2783 73.3676 65.6219,
				]
			}
			coordIndex [
				0, 1, 2, -1,
				0, 3, 1, -1,
				0, 4, 3, -1,
				0, 5, 4, -1,
				6, 7, 8, -1,
				6, 8, 9, -1,
				6, 9, 10, -1,
				6, 10, 11, -1,
				0, 2, 7, -1,
				0, 7, 6, -1,
				2, 1, 8, -1,
				2, 8, 7, -1,
				1, 3, 9, -1,
				1, 9, 8, -1,
				3, 4, 10, -1,
				3, 10, 9, -1,
				4, 5, 11, -1,
				4, 11, 10, -1,
				5, 0, 6, -1,
				5, 6, 11, -1,
			]
			solid FALSE
		}
	}
#---------- SOLID: AlSide_HEX_15_PV:0
	Shape {
		appearance Appearance {
			material Material {
				diffuseColor 0.55 0.55 0.55
				transparency 0.7
			}
		}
		geometry IndexedFaceSet {
			coord Coordinate {
				point [
					32.811 40.5566 85.9002,
					33.0996 40.735 85.4332,
					65.4435 20.7454 73.0789,
					65.6219 20.2783 73.3676,
					57.5253 71.1052 150.603,
					115.051 35.5526 128.631,
					114.872 36.0197 128.342,
					57.814 71.2836 150.136,
					85.4332 33.0996 40.735,
					85.9002 32.811 40.5566,
					150.603 57.5253 71.1052,
					150.136 57.814 71.2836,
					73.0789 65.4435 20.7454,
					73.3676 65.6219 20.2783,
					128.631 115.051 35.5526,
					128.342 114.872 36.0197,
					40.735 85.4332 33.0996,
					40.5566 85.9002 32.811,
					71.1052 150.603 57.5253,
					71.2836 150.136 57.814,
					20.7454 73.0789 65.4435,
					20.2783 73.3676 65.6219,
					35.5526 128.631 115.051,
					36.0197 128.342 114.872,
				]
			}
			coordIndex [
				0, 1, 2, -1,
				0, 2, 3, -1,
				4, 5, 6, -1,
				4, 6, 7, -1,
				0, 3, 5, -1,
				0, 5, 4, -1,
				1, 7, 6, -1,
				1, 6, 2, -1,
				3, 2, 8, -1,
				3, 8, 9, -1,
				5, 10, 11, -1,
				5, 11, 6, -1,
				3, 9, 10, -1,
				3, 10, 5, -1,
				2, 6, 11, -1,
				2, 11, 8, -1,
				9, 8, 12, -1,
				9, 12, 13, -1,
				10, 14, 15, -1,
				10, 15, 11, -1,
				9, 13, 14, -1,
				9, 14, 10, -1,
				8, 11, 15, -1,
				8, 15, 12, -1,
				13, 12, 16, -1,
				13, 16, 17, -1,
				14, 18, 19, -1,
				14, 19, 15, -1,
				13, 17, 18, -1,
				13, 18, 14, -1,
				12, 15, 19, -1,
				12, 19, 16, -1,
				17, 16, 20, -1,
				17, 20, 21, -1,
				18, 22, 23, -1,
				18, 23, 19, -1,
				17, 21, 22, -1,
				17, 22, 18, -1,
				16, 19, 23, -1,
				16, 23, 20, -1,
				21, 20, 1, -1,
				21, 1, 0, -1,
				22, 4, 7, -1,
				22, 7, 23, -1,
				21, 0, 4, -1,
				21, 4, 22, -1,
				20, 23, 7, -1,
				20, 7, 1, -1,
			]
			solid FALSE
		}
	}
#---------- SOLID: Soccer_HEX_16_PV:0
	Shape {
		appearance Appearance {
			material Material {
				diffuseColor 0 0 1
				transparency 0.7
			}
		}
		geometry IndexedFaceSet {
			coord Coordinate {
				point [
					-73.546 -65.1549 19.9896,
					-98.2545 -0.467086 19.9896,
					-85.9002 -32.811 39.9792,
					-98.2545 -0.467086 -19.9896,
					-85.9002 -32.811 -39.9792,
					-73.546 -65.1549 -19.9896,
					-128.809 -114.584 35.2639,
					-150.603 -57.5253 70.5278,
					-172.398 -0.467086 35.2639,
					-172.398 -0.467086 -35.2639,
					-150.603 -57.5253 -70.5278,
					-128.809 -114.584 -35.2639,
				]
			}
			coordIndex [
				0, 1, 2, -1,
				0, 3, 1, -1,
				0, 4, 3, -1,
				0, 5, 4, -1,
				6, 7, 8, -1,
				6, 8, 9, -1,
				6, 9, 10, -1,
				6, 10, 11, -1,
				0, 2, 7, -1,
				0, 7, 6, -1,
				2, 1, 8, -1,
				2, 8, 7, -1,
				1, 3, 9, -1,
				1, 9, 8, -1,
				3, 4, 10, -1,
				3, 10, 9, -1,
				4, 5, 11, -1,
				4, 11, 10, -1,
				5, 0, 6, -1,
				5, 6, 11, -1,
			]
			solid FALSE
		}
	}
#---------- SOLID: AlInner_HEX_16_PV:0
	Shape {
		appearance Appearance {
			material Material {
				diffuseColor 0.7 0.7 0.7
				transparency 0.7
			}
		}
		geometry IndexedFaceSet {
			coord Coordinate {
				point [
					-73.0026 -65.2955 20.1774,
					-97.9432 0 20.1774,
					-85.4729 -32.6477 40.3548,
					-97.9432 0 -20.1774,
					-85.4729 -32.6477 -40.3548,
					-73.0026 -65.2955 -20.1774,
					-73.3676 -65.6219 20.2783,
					-85.9002 -32.811 40.5566,
					-98.4329 0 20.2783,
					-98.4329 0 -20.2783,
					-85.9002 -32.811 -40.5566,
					-73.3676 -65.6219 -20.2783,
				]
			}
			coordIndex [
				0, 1, 2, -1,
				0, 3, 1, -1,
				0, 4, 3, -1,
				0, 5, 4, -1,
				6, 7, 8, -1,
				6, 8, 9, -1,
				6, 9, 10, -1,
				6, 10, 11, -1,
				0, 2, 7, -1,
				0, 7, 6, -1,
				2, 1, 8, -1,
				2, 8, 7, -1,
				1, 3, 9, -1,
				1, 9, 8, -1,
				3, 4, 10, -1,
				3, 10, 9, -1,
				4, 5, 11, -1,
				4, 11, 10, -1,
				5, 0, 6, -1,
				5, 6, 11, -1,
			]
			solid FALSE
		}
	}
#---------- SOLID: AlSide_HEX_16_PV:0
	Shape {
		appearance Appearance {
			material Material {
				diffuseColor 0.55 0.55 0.55
				transparency 0.7
			}
		}
		geometry IndexedFaceSet {
			coord Coordinate {
				point [
					-73.3676 -65.6219 20.2783,
					-73.546 -65.1549 19.9896,
					-85.9002 -32.811 39.9792,
					-85.9002 -32.811 40.5566,
					-128.631 -115.051 35.5526,
					-150.603 -57.5253 71.1052,
					-150.603 -57.5253 70.5278,
					-128.809 -114.584 35.2639,
					-98.2545 -0.467086 19.9896,
					-98.4329 0 20.2783,
					-172.576 0 35.5526,
					-172.398 -0.467086 35.2639,
					-98.2545 -0.467086 -19.9896,
					-98.4329 0 -20.2783,
					-172.576 0 -35.5526,
					-172.398 -0.467086 -35.2639,
					-85.9002 -32.811 -39.9792,
					-85.9002 -32.811 -40.5566,
					-150.603 -57.5253 -71.1052,
					-150.603 -57.5253 -70.5278,
					-73.546 -65.1549 -19.9896,
					-73.3676 -65.6219 -20.2783,
					-128.631 -115.051 -35.5526,
					-128.809 -114.584 -35.2639,
				]
			}
			coordIndex [
				0, 1, 2, -1,
				0, 2, 3, -1,
				4, 5, 6, -1,
				4, 6, 7, -1,
				0, 3, 5, -1,
				0, 5, 4, -1,
				1, 7, 6, -1,
				1, 6, 2, -1,
				3, 2, 8, -1,
				3, 8, 9, -1,
				5, 10, 11, -1,
				5, 11, 6, -1,
				3, 9, 10, -1,
				3, 10, 5, -1,
				2, 6, 11, -1,
				2, 11, 8, -1,
				9, 8, 12, -1,
				9, 12, 13, -1,
				10, 14, 15, -1,
				10, 15, 11, -1,
				9, 13, 14, -1,
				9, 14, 10, -1,
				8, 11, 15, -1,
				8, 15, 12, -1,
				13, 12, 16, -1,
				13, 16, 17, -1,
				14, 18, 19, -1,
				14, 19, 15, -1,
				13, 17, 18, -1,
				13, 18, 14, -1,
				12, 15, 19, -1,
				12, 19, 16, -1,
				17, 16, 20, -1,
				17, 20, 21, -1,
				18, 22, 23, -1,
				18, 23, 19, -1,
				17, 21, 22, -1,
				17, 22, 18, -1,
				16, 19, 23, -1,
				16, 23, 20, -1,
				21, 20, 1, -1,
				21, 1, 0, -1,
				22, 4, 7, -1,
				22, 7, 23, -1,
				21, 0, 4, -1,
				21, 4, 22, -1,
				20, 23, 7, -1,
				20, 7, 1, -1,
			]
			solid FALSE
		}
	}
#---------- SOLID: Soccer_HEX_17_PV:0
	Shape {
		appearance Appearance {
			material Material {
				diffuseColor 0 0 1
				transparency 0.7
			}
		}
		geometry IndexedFaceSet {
			coord Coordinate {
				point [
					-73.546 65.1549 -19.9896,
					-98.2545 0.467086 -19.9896,
					-85.9002 32.811 -39.9792,
					-98.2545 0.467086 19.9896,
					-85.9002 32.811 39.9792,
					-73.546 65.1549 19.9896,
					-128.809 114.584 -35.2639,
					-150.603 57.5253 -70.5278,
					-172.398 0.467086 -35.2639,
					-172.398 0.467086 35.2639,
					-150.603 57.5253 70.5278,
					-128.809 114.584 35.2639,
				]
			}
			coordIndex [
				0, 1, 2, -1,
				0, 3, 1, -1,
				0, 4, 3, -1,
				0, 5, 4, -1,
				6, 7, 8, -1,
				6, 8, 9, -1,
				6, 9, 10, -1,
				6, 10, 11, -1,
				0, 2, 7, -1,
				0, 7, 6, -1,
				2, 1, 8, -1,
				2, 8, 7, -1,
				1, 3, 9, -1,
				1, 9, 8, -1,
				3, 4, 10, -1,
				3, 10, 9, -1,
				4, 5, 11, -1,
				4, 11, 10, -1,
				5, 0, 6, -1,
				5, 6, 11, -1,
			]
			solid FALSE
		}
	}
#---------- SOLID: AlInner_HEX_17_PV:0
	Shape {
		appearance Appearance {
			material Material {
				diffuseColor 0.7 0.7 0.7
				transparency 0.7
			}
		}
		geometry IndexedFaceSet {
			coord Coordinate {
				point [
					-73.0026 65.2955 -20.1774,
					-97.9432 0 -20.1774,
					-85.4729 32.6477 -40.3548,
					-97.9432 0 20.1774,
					-85.4729 32.6477 40.3548,
					-73.0026 65.2955 20.1774,
					-73.3676 65.6219 -20.2783,
					-85.9002 32.811 -40.5566,
					-98.4329 0 -20.2783,
					-98.4329 0 20.2783,
					-85.9002 32.811 40.5566,
					-73.3676 65.6219 20.2783,
				]
			}
			coordIndex [
				0, 1, 2, -1,
				0, 3, 1, -1,
				0, 4, 3, -1,
				0, 5, 4, -1,
				6, 7, 8, -1,
				6, 8, 9, -1,
				6, 9, 10, -1,
				6, 10, 11, -1,
				0, 2, 7, -1,
				0, 7, 6, -1,
				2, 1, 8, -1,
				2, 8, 7, -1,
				1, 3, 9, -1,
				1, 9, 8, -1,
				3, 4, 10, -1,
				3, 10, 9, -1,
				4, 5, 11, -1,
				4, 11, 10, -1,
				5, 0, 6, -1,
				5, 6, 11, -1,
			]
			solid FALSE
		}
	}
#---------- SOLID: AlSide_HEX_17_PV:0
	Shape {
		appearance Appearance {
			material Material {
				diffuseColor 0.55 0.55 0.55
				transparency 0.7
			}
		}
		geometry IndexedFaceSet {
			coord Coordinate {
				point [
					-73.3676 65.6219 -20.2783,
					-73.546 65.1549 -19.9896,
					-85.9002 32.811 -39.9792,
					-85.9002 32.811 -40.5566,
					-128.631 115.051 -35.5526,
					-150.603 57.5253 -71.1052,
					-150.603 57.5253 -70.5278,
					-128.809 114.584 -35.2639,
					-98.2545 0.467086 -19.9896,
					-98.4329 0 -20.2783,
					-172.576 0 -35.5526,
					-172.398 0.467086 -35.2639,
					-98.2545 0.467086 19.9896,
					-98.4329 0 20.2783,
					-172.576 0 35.5526,
					-172.398 0.467086 35.2639,
					-85.9002 32.811 39.9792,
					-85.9002 32.811 40.5566,
					-150.603 57.5253 71.1052,
					-150.603 57.5253 70.5278,
					-73.546 65.1549 19.9896,
					-73.3676 65.6219 20.2783,
					-128.631 115.051 35.5526,
					-128.809 114.584 35.2639,
				]
			}
			coordIndex [
				0, 1, 2, -1,
				0, 2, 3, -1,
				4, 5, 6, -1,
				4, 6, 7, -1,
				0, 3, 5, -1,
				0, 5, 4, -1,
				1, 7, 6, -1,
				1, 6, 2, -1,
				3, 2, 8, -1,
				3, 8, 9, -1,
				5, 10, 11, -1,
				5, 11, 6, -1,
				3, 9, 10, -1,
				3, 10, 5, -1,
				2, 6, 11, -1,
				2, 11, 8, -1,
				9, 8, 12, -1,
				9, 12, 13, -1,
				10, 14, 15, -1,
				10, 15, 11, -1,
				9, 13, 14, -1,
				9, 14, 10, -1,
				8, 11, 15, -1,
				8, 15, 12, -1,
				13, 12, 16, -1,
				13, 16, 17, -1,
				14, 18, 19, -1,
				14, 19, 15, -1,
				13, 17, 18, -1,
				13, 18, 14, -1,
				12, 15, 19, -1,
				12, 19, 16, -1,
				17, 16, 20, -1,
				17, 20, 21, -1,
				18, 22, 23, -1,
				18, 23, 19, -1,
				17, 21, 22, -1,
				17, 22, 18, -1,
				16, 19, 23, -1,
				16, 23, 20, -1,
				21, 20, 1, -1,
				21, 1, 0, -1,
				22, 4, 7, -1,
				22, 7, 23, -1,
				21, 0, 4, -1,
				21, 4, 22, -1,
				20, 23, 7, -1,
				20, 7, 1, -1,
			]
			solid FALSE
		}
	}
#---------- SOLID: Soccer_HEX_18_PV:0
	Shape {
		appearance Appearance {
			material Material {
				diffuseColor 0 0 1
				transparency 0.7
			}
		}
		geometry IndexedFaceSet {
			coord Coordinate {
				point [
					73.546 -65.1549 -19.9896,
					98.2545 -0.467086 -19.9896,
					85.9002 -32.811 -39.9792,
					98.2545 -0.467086 19.9896,
					85.9002 -32.811 39.9792,
					73.546 -65.1549 19.9896,
					128.809 -114.584 -35.2639,
					150.603 -57.5253 -70.5278,
					172.398 -0.467086 -35.2639,
					172.398 -0.467086 35.2639,
					150.603 -57.5253 70.5278,
					128.809 -114.584 35.2639,
				]
			}
			coordIndex [
				0, 1, 2, -1,
				0, 3, 1, -1,
				0, 4, 3, -1,
				0, 5, 4, -1,
				6, 7, 8, -1,
				6, 8, 9, -1,
				6, 9, 10, -1,
				6, 10, 11, -1,
				0, 2, 7, -1,
				0, 7, 6, -1,
				2, 1, 8, -1,
				2, 8, 7, -1,
				1, 3, 9, -1,
				1, 9, 8, -1,
				3, 4, 10, -1,
				3, 10, 9, -1,
				4, 5, 11, -1,
				4, 11, 10, -1,
				5, 0, 6, -1,
				5, 6, 11, -1,
			]
			solid FALSE
		}
	}
#---------- SOLID: AlInner_HEX_18_PV:0
	Shape {
		appearance Appearance {
			material Material {
				diffuseColor 0.7 0.7 0.7
				transparency 0.7
			}
		}
		geometry IndexedFaceSet {
			coord Coordinate {
				point [
					73.0026 -65.2955 -20.1774,
					97.9432 0 -20.1774,
					85.4729 -32.6477 -40.3548,
					97.9432 0 20.1774,
					85.4729 -32.6477 40.3548,
					73.0026 -65.2955 20.1774,
					73.3676 -65.6219 -20.2783,
					85.9002 -32.811 -40.5566,
					98.4329 0 -20.2783,
					98.4329 0 20.2783,
					85.9002 -32.811 40.5566,
					73.3676 -65.6219 20.2783,
				]
			}
			coordIndex [
				0, 1, 2, -1,
				0, 3, 1, -1,
				0, 4, 3, -1,
				0, 5, 4, -1,
				6, 7, 8, -1,
				6, 8, 9, -1,
				6, 9, 10, -1,
				6, 10, 11, -1,
				0, 2, 7, -1,
				0, 7, 6, -1,
				2, 1, 8, -1,
				2, 8, 7, -1,
				1, 3, 9, -1,
				1, 9, 8, -1,
				3, 4, 10, -1,
				3, 10, 9, -1,
				4, 5, 11, -1,
				4, 11, 10, -1,
				5, 0, 6, -1,
				5, 6, 11, -1,
			]
			solid FALSE
		}
	}
#---------- SOLID: AlSide_HEX_18_PV:0
	Shape {
		appearance Appearance {
			material Material {
				diffuseColor 0.55 0.55 0.55
				transparency 0.7
			}
		}
		geometry IndexedFaceSet {
			coord Coordinate {
				point [
					73.3676 -65.6219 -20.2783,
					73.546 -65.1549 -19.9896,
					85.9002 -32.811 -39.9792,
					85.9002 -32.811 -40.5566,
					128.631 -115.051 -35.5526,
					150.603 -57.5253 -71.1052,
					150.603 -57.5253 -70.5278,
					128.809 -114.584 -35.2639,
					98.2545 -0.467086 -19.9896,
					98.4329 0 -20.2783,
					172.576 0 -35.5526,
					172.398 -0.467086 -35.2639,
					98.2545 -0.467086 19.9896,
					98.4329 0 20.2783,
					172.576 0 35.5526,
					172.398 -0.467086 35.2639,
					85.9002 -32.811 39.9792,
					85.9002 -32.811 40.5566,
					150.603 -57.5253 71.1052,
					150.603 -57.5253 70.5278,
					73.546 -65.1549 19.9896,
					73.3676 -65.6219 20.2783,
					128.631 -115.051 35.5526,
					128.809 -114.584 35.2639,
				]
			}
			coordIndex [
				0, 1, 2, -1,
				0, 2, 3, -1,
				4, 5, 6, -1,
				4, 6, 7, -1,
				0, 3, 5, -1,
				0, 5, 4, -1,
				1, 7, 6, -1,
				1, 6, 2, -1,
				3, 2, 8, -1,
				3, 8, 9, -1,
				5, 10, 11, -1,
				5, 11, 6, -1,
				3, 9, 10, -1,
				3, 10, 5, -1,
				2, 6, 11, -1,
				2, 11, 8, -1,
				9, 8, 12, -1,
				9, 12, 13, -1,
				10, 14, 15, -1,
				10, 15, 11, -1,
				9, 13, 14, -1,
				9, 14, 10, -1,
				8, 11, 15, -1,
				8, 15, 12, -1,
				13, 12, 16, -1,
				13, 16, 17, -1,
				14, 18, 19, -1,
				14, 19, 15, -1,
				13, 17, 18, -1,
				13, 18, 14, -1,
				12, 15, 19, -1,
				12, 19, 16, -1,
				17, 16, 20, -1,
				17, 20, 21, -1,
				18, 22, 23, -1,
				18, 23, 19, -1,
				17, 21, 22, -1,
				17, 22, 18, -1,
				16, 19, 23, -1,
				16, 23, 20, -1,
				21, 20, 1, -1,
				21, 1, 0, -1,
				22, 4, 7, -1,
				22, 7, 23, -1,
				21, 0, 4, -1,
				21, 4, 22, -1,
				20, 23, 7, -1,
				20, 7, 1, -1,
			]
			solid FALSE
		}
	}
#---------- SOLID: Soccer_HEX_19_PV:0
	Shape {
		appearance Appearance {
			material Material {
				diffuseColor 0 0 1
				transparency 0.7
			}
		}
		geometry IndexedFaceSet {
			coord Coordinate {
				point [
					73.546 65.1549 19.9896,
					98.2545 0.467086 19.9896,
					85.9002 32.811 39.9792,
					98.2545 0.467086 -19.9896,
					85.9002 32.811 -39.9792,
					73.546 65.1549 -19.9896,
					128.809 114.584 35.2639,
					150.603 57.5253 70.5278,
					172.398 0.467086 35.2639,
					172.398 0.467086 -35.2639,
					150.603 57.5253 -70.5278,
					128.809 114.584 -35.2639,
				]
			}
			coordIndex [
				0, 1, 2, -1,
				0, 3, 1, -1,
				0, 4, 3, -1,
				0, 5, 4, -1,
				6, 7, 8, -1,
				6, 8, 9, -1,
				6, 9, 10, -1,
				6, 10, 11, -1,
				0, 2, 7, -1,
				0, 7, 6, -1,
				2, 1, 8, -1,
				2, 8, 7, -1,
				1, 3, 9, -1,
				1, 9, 8, -1,
				3, 4, 10, -1,
				3, 10, 9, -1,
				4, 5, 11, -1,
				4, 11, 10, -1,
				5, 0, 6, -1,
				5, 6, 11, -1,
			]
			solid FALSE
		}
	}
#---------- SOLID: AlInner_HEX_19_PV:0
	Shape {
		appearance Appearance {
			material Material {
				diffuseColor 0.7 0.7 0.7
				transparency 0.7
			}
		}
		geometry IndexedFaceSet {
			coord Coordinate {
				point [
					73.0026 65.2955 20.1774,
					97.9432 0 20.1774,
					85.4729 32.6477 40.3548,
					97.9432 0 -20.1774,
					85.4729 32.6477 -40.3548,
					73.0026 65.2955 -20.1774,
					73.3676 65.6219 20.2783,
					85.9002 32.811 40.5566,
					98.4329 0 20.2783,
					98.4329 0 -20.2783,
					85.9002 32.811 -40.5566,
					73.3676 65.6219 -20.2783,
				]
			}
			coordIndex [
				0, 1, 2, -1,
				0, 3, 1, -1,
				0, 4, 3, -1,
				0, 5, 4, -1,
				6, 7, 8, -1,
				6, 8, 9, -1,
				6, 9, 10, -1,
				6, 10, 11, -1,
				0, 2, 7, -1,
				0, 7, 6, -1,
				2, 1, 8, -1,
				2, 8, 7, -1,
				1, 3, 9, -1,
				1, 9, 8, -1,
				3, 4, 10, -1,
				3, 10, 9, -1,
				4, 5, 11, -1,
				4, 11, 10, -1,
				5, 0, 6, -1,
				5, 6, 11, -1,
			]
			solid FALSE
		}
	}
#---------- SOLID: AlSide_HEX_19_PV:0
	Shape {
		appearance Appearance {
			material Material {
				diffuseColor 0.55 0.55 0.55
				transparency 0.7
			}
		}
		geometry IndexedFaceSet {
			coord Coordinate {
				point [
					73.3676 65.6219 20.2783,
					73.546 65.1549 19.9896,
					85.9002 32.811 39.9792,
					85.9002 32.811 40.5566,
					128.631 115.051 35.5526,
					150.603 57.5253 71.1052,
					150.603 57.5253 70.5278,
					128.809 114.584 35.2639,
					98.2545 0.467086 19.9896,
					98.4329 0 20.2783,
					172.576 0 35.5526,
					172.398 0.467086 35.2639,
					98.2545 0.467086 -19.9896,
					98.4329 0 -20.2783,
					172.576 0 -35.5526,
					172.398 0.467086 -35.2639,
					85.9002 32.811 -39.9792,
					85.9002 32.811 -40.5566,
					150.603 57.5253 -71.1052,
					150.603 57.5253 -70.5278,
					73.546 65.1549 -19.9896,
					73.3676 65.6219 -20.2783,
					128.631 115.051 -35.5526,
					128.809 114.584 -35.2639,
				]
			}
			coordIndex [
				0, 1, 2, -1,
				0, 2, 3, -1,
				4, 5, 6, -1,
				4, 6, 7, -1,
				0, 3, 5, -1,
				0, 5, 4, -1,
				1, 7, 6, -1,
				1, 6, 2, -1,
				3, 2, 8, -1,
				3, 8, 9, -1,
				5, 10, 11, -1,
				5, 11, 6, -1,
				3, 9, 10, -1,
				3, 10, 5, -1,
				2, 6, 11, -1,
				2, 11, 8, -1,
				9, 8, 12, -1,
				9, 12, 13, -1,
				10, 14, 15, -1,
				10, 15, 11, -1,
				9, 13, 14, -1,
				9, 14, 10, -1,
				8, 11, 15, -1,
				8, 15, 12, -1,
				13, 12, 16, -1,
				13, 16, 17, -1,
				14, 18, 19, -1,
				14, 19, 15, -1,
				13, 17, 18, -1,
				13, 18, 14, -1,
				12, 15, 19, -1,
				12, 19, 16, -1,
				17, 16, 20, -1,
				17, 20, 21, -1,
				18, 22, 23, -1,
				18, 23, 19, -1,
				17, 21, 22, -1,
				17, 22, 18, -1,
				16, 19, 23, -1,
				16, 23, 20, -1,
				21, 20, 1, -1,
				21, 1, 0, -1,
				22, 4, 7, -1,
				22, 7, 23, -1,
				21, 0, 4, -1,
				21, 4, 22, -1,
				20, 23, 7, -1,
				20, 7, 1, -1,
			]
			solid FALSE
		}
	}
#---------- SOLID: Soccer_PENT_00_PV:0
	Shape {
		appearance Appearance {
			material Material {
				diffuseColor 1 0 0
				transparency 0.7
			}
		}
		geometry IndexedFaceSet {
			coord Coordinate {
				point [
					-32.2232 -40.7191 -85.7998,
					32.2232 -40.7191 -85.7998,
					0 -20.804 -98.108,
					19.915 -72.9422 -65.8848,
					-19.915 -72.9422 -65.8848,
					-56.9375 -71.2677 -150.503,
					0 -36.0783 -172.251,
					56.9375 -71.2677 -150.503,
					35.1893 -128.205 -115.313,
					-35.1893 -128.205 -115.313,
				]
			}
			coordIndex [
				0, 1, 2, -1,
				0, 3, 1, -1,
				0, 4, 3, -1,
				5, 6, 7, -1,
				5, 7, 8, -1,
				5, 8, 9, -1,
				0, 2, 6, -1,
				0, 6, 5, -1,
				2, 1, 7, -1,
				2, 7, 6, -1,
				1, 3, 8, -1,
				1, 8, 7, -1,
				3, 4, 9, -1,
				3, 9, 8, -1,
				4, 0, 5, -1,
				4, 5, 9, -1,
			]
			solid FALSE
		}
	}
#---------- SOLID: AlInner_PENT_00_PV:0
	Shape {
		appearance Appearance {
			material Material {
				diffuseColor 0.7 0.7 0.7
				transparency 0.7
			}
		}
		geometry IndexedFaceSet {
			coord Coordinate {
				point [
					-32.6477 -40.3548 -85.4729,
					32.6477 -40.3548 -85.4729,
					0 -20.1774 -97.9432,
					20.1774 -73.0026 -65.2955,
					-20.1774 -73.0026 -65.2955,
					-32.811 -40.5566 -85.9002,
					0 -20.2783 -98.4329,
					32.811 -40.5566 -85.9002,
					20.2783 -73.3676 -65.6219,
					-20.2783 -73.3676 -65.6219,
				]
			}
			coordIndex [
				0, 1, 2, -1,
				0, 3, 1, -1,
				0, 4, 3, -1,
				5, 6, 7, -1,
				5, 7, 8, -1,
				5, 8, 9, -1,
				0, 2, 6, -1,
				0, 6, 5, -1,
				2, 1, 7, -1,
				2, 7, 6, -1,
				1, 3, 8, -1,
				1, 8, 7, -1,
				3, 4, 9, -1,
				3, 9, 8, -1,
				4, 0, 5, -1,
				4, 5, 9, -1,
			]
			solid FALSE
		}
	}
#---------- SOLID: AlSide_PENT_00_PV:0
	Shape {
		appearance Appearance {
			material Material {
				diffuseColor 0.55 0.55 0.55
				transparency 0.7
			}
		}
		geometry IndexedFaceSet {
			coord Coordinate {
				point [
					-32.811 -40.5566 -85.9002,
					-32.2232 -40.7191 -85.7998,
					0 -20.804 -98.108,
					0 -20.2783 -98.4329,
					-57.5253 -71.1052 -150.603,
					0 -35.5526 -172.576,
					0 -36.0783 -172.251,
					-56.9375 -71.2677 -150.503,
					32.2232 -40.7191 -85.7998,
					32.811 -40.5566 -85.9002,
					57.5253 -71.1052 -150.603,
					56.9375 -71.2677 -150.503,
					19.915 -72.9422 -65.8848,
					20.2783 -73.3676 -65.6219,
					35.5526 -128.631 -115.051,
					35.1893 -128.205 -115.313,
					-19.915 -72.9422 -65.8848,
					-20.2783 -73.3676 -65.6219,
					-35.5526 -128.631 -115.051,
					-35.1893 -128.205 -115.313,
				]
			}
			coordIndex [
				0, 1, 2, -1,
				0, 2, 3, -1,
				4, 5, 6, -1,
				4, 6, 7, -1,
				0, 3, 5, -1,
				0, 5, 4, -1,
				1, 7, 6, -1,
				1, 6, 2, -1,
				3, 2, 8, -1,
				3, 8, 9, -1,
				5, 10, 11, -1,
				5, 11, 6, -1,
				3, 9, 10, -1,
				3, 10, 5, -1,
				2, 6, 11, -1,
				2, 11, 8, -1,
				9, 8, 12, -1,
				9, 12, 13, -1,
				10, 14, 15, -1,
				10, 15, 11, -1,
				9, 13, 14, -1,
				9, 14, 10, -1,
				8, 11, 15, -1,
				8, 15, 12, -1,
				13, 12, 16, -1,
				13, 16, 17, -1,
				14, 18, 19, -1,
				14, 19, 15, -1,
				13, 17, 18, -1,
				13, 18, 14, -1,
				12, 15, 19, -1,
				12, 19, 16, -1,
				17, 16, 1, -1,
				17, 1, 0, -1,
				18, 4, 7, -1,
				18, 7, 19, -1,
				17, 0, 4, -1,
				17, 4, 18, -1,
				16, 19, 7, -1,
				16, 7, 1, -1,
			]
			solid FALSE
		}
	}
#---------- SOLID: Soccer_PENT_01_PV:0
	Shape {
		appearance Appearance {
			material Material {
				diffuseColor 1 0 0
				transparency 0.7
			}
		}
		geometry IndexedFaceSet {
			coord Coordinate {
				point [
					-19.915 -72.9422 65.8848,
					32.2232 -40.7191 85.7998,
					19.915 -72.9422 65.8848,
					0 -20.804 98.108,
					-32.2232 -40.7191 85.7998,
					-35.1893 -128.205 115.313,
					35.1893 -128.205 115.313,
					56.9375 -71.2677 150.503,
					0 -36.0783 172.251,
					-56.9375 -71.2677 150.503,
				]
			}
			coordIndex [
				0, 1, 2, -1,
				0, 3, 1, -1,
				0, 4, 3, -1,
				5, 6, 7, -1,
				5, 7, 8, -1,
				5, 8, 9, -1,
				0, 2, 6, -1,
				0, 6, 5, -1,
				2, 1, 7, -1,
				2, 7, 6, -1,
				1, 3, 8, -1,
				1, 8, 7, -1,
				3, 4, 9, -1,
				3, 9, 8, -1,
				4, 0, 5, -1,
				4, 5, 9, -1,
			]
			solid FALSE
		}
	}
#---------- SOLID: AlInner_PENT_01_PV:0
	Shape {
		appearance Appearance {
			material Material {
				diffuseColor 0.7 0.7 0.7
				transparency 0.7
			}
		}
		geometry IndexedFaceSet {
			coord Coordinate {
				point [
					-20.1774 -73.0026 65.2955,
					32.6477 -40.3548 85.4729,
					20.1774 -73.0026 65.2955,
					0 -20.1774 97.9432,
					-32.6477 -40.3548 85.4729,
					-20.2783 -73.3676 65.6219,
					20.2783 -73.3676 65.6219,
					32.811 -40.5566 85.9002,
					0 -20.2783 98.4329,
					-32.811 -40.5566 85.9002,
				]
			}
			coordIndex [
				0, 1, 2, -1,
				0, 3, 1, -1,
				0, 4, 3, -1,
				5, 6, 7, -1,
				5, 7, 8, -1,
				5, 8, 9, -1,
				0, 2, 6, -1,
				0, 6, 5, -1,
				2, 1, 7, -1,
				2, 7, 6, -1,
				1, 3, 8, -1,
				1, 8, 7, -1,
				3, 4, 9, -1,
				3, 9, 8, -1,
				4, 0, 5, -1,
				4, 5, 9, -1,
			]
			solid FALSE
		}
	}
#---------- SOLID: AlSide_PENT_01_PV:0
	Shape {
		appearance Appearance {
			material Material {
				diffuseColor 0.55 0.55 0.55
				transparency 0.7
			}
		}
		geometry IndexedFaceSet {
			coord Coordinate {
				point [
					-20.2783 -73.3676 65.6219,
					-19.915 -72.9422 65.8848,
					19.915 -72.9422 65.8848,
					20.2783 -73.3676 65.6219,
					-35.5526 -128.631 115.051,
					35.5526 -128.631 115.051,
					35.1893 -128.205 115.313,
					-35.1893 -128.205 115.313,
					32.2232 -40.7191 85.7998,
					32.811 -40.5566 85.9002,
					57.5253 -71.1052 150.603,
					56.9375 -71.2677 150.503,
					0 -20.804 98.108,
					0 -20.2783 98.4329,
					0 -35.5526 172.576,
					0 -36.0783 172.251,
					-32.2232 -40.7191 85.7998,
					-32.811 -40.5566 85.9002,
					-57.5253 -71.1052 150.603,
					-56.9375 -71.2677 150.503,
				]
			}
			coordIndex [
				0, 1, 2, -1,
				0, 2, 3, -1,
				4, 5, 6, -1,
				4, 6, 7, -1,
				0, 3, 5, -1,
				0, 5, 4, -1,
				1, 7, 6, -1,
				1, 6, 2, -1,
				3, 2, 8, -1,
				3, 8, 9, -1,
				5, 10, 11, -1,
				5, 11, 6, -1,
				3, 9, 10, -1,
				3, 10, 5, -1,
				2, 6, 11, -1,
				2, 11, 8, -1,
				9, 8, 12, -1,
				9, 12, 13, -1,
				10, 14, 15, -1,
				10, 15, 11, -1,
				9, 13, 14, -1,
				9, 14, 10, -1,
				8, 11, 15, -1,
				8, 15, 12, -1,
				13, 12, 16, -1,
				13, 16, 17, -1,
				14, 18, 19, -1,
				14, 19, 15, -1,
				13, 17, 18, -1,
				13, 18, 14, -1,
				12, 15, 19, -1,
				12, 19, 16, -1,
				17, 16, 1, -1,
				17, 1, 0, -1,
				18, 4, 7, -1,
				18, 7, 19, -1,
				17, 0, 4, -1,
				17, 4, 18, -1,
				16, 19, 7, -1,
				16, 7, 1, -1,
			]
			solid FALSE
		}
	}
#---------- SOLID: Soccer_PENT_02_PV:0
	Shape {
		appearance Appearance {
			material Material {
				diffuseColor 1 0 0
				transparency 0.7
			}
		}
		geometry IndexedFaceSet {
			coord Coordinate {
				point [
					-19.915 72.9422 -65.8848,
					32.2232 40.7191 -85.7998,
					19.915 72.9422 -65.8848,
					0 20.804 -98.108,
					-32.2232 40.7191 -85.7998,
					-35.1893 128.205 -115.313,
					35.1893 128.205 -115.313,
					56.9375 71.2677 -150.503,
					0 36.0783 -172.251,
					-56.9375 71.2677 -150.503,
				]
			}
			coordIndex [
				0, 1, 2, -1,
				0, 3, 1, -1,
				0, 4, 3, -1,
				5, 6, 7, -1,
				5, 7, 8, -1,
				5, 8, 9, -1,
				0, 2, 6, -1,
				0, 6, 5, -1,
				2, 1, 7, -1,
				2, 7, 6, -1,
				1, 3, 8, -1,
				1, 8, 7, -1,
				3, 4, 9, -1,
				3, 9, 8, -1,
				4, 0, 5, -1,
				4, 5, 9, -1,
			]
			solid FALSE
		}
	}
#---------- SOLID: AlInner_PENT_02_PV:0
	Shape {
		appearance Appearance {
			material Material {
				diffuseColor 0.7 0.7 0.7
				transparency 0.7
			}
		}
		geometry IndexedFaceSet {
			coord Coordinate {
				point [
					-20.1774 73.0026 -65.2955,
					32.6477 40.3548 -85.4729,
					20.1774 73.0026 -65.2955,
					0 20.1774 -97.9432,
					-32.6477 40.3548 -85.4729,
					-20.2783 73.3676 -65.6219,
					20.2783 73.3676 -65.6219,
					32.811 40.5566 -85.9002,
					0 20.2783 -98.4329,
					-32.811 40.5566 -85.9002,
				]
			}
			coordIndex [
				0, 1, 2, -1,
				0, 3, 1, -1,
				0, 4, 3, -1,
				5, 6, 7, -1,
				5, 7, 8, -1,
				5, 8, 9, -1,
				0, 2, 6, -1,
				0, 6, 5, -1,
				2, 1, 7, -1,
				2, 7, 6, -1,
				1, 3, 8, -1,
				1, 8, 7, -1,
				3, 4, 9, -1,
				3, 9, 8, -1,
				4, 0, 5, -1,
				4, 5, 9, -1,
			]
			solid FALSE
		}
	}
#---------- SOLID: AlSide_PENT_02_PV:0
	Shape {
		appearance Appearance {
			material Material {
				diffuseColor 0.55 0.55 0.55
				transparency 0.7
			}
		}
		geometry IndexedFaceSet {
			coord Coordinate {
				point [
					-20.2783 73.3676 -65.6219,
					-19.915 72.9422 -65.8848,
					19.915 72.9422 -65.8848,
					20.2783 73.3676 -65.6219,
					-35.5526 128.631 -115.051,
					35.5526 128.631 -115.051,
					35.1893 128.205 -115.313,
					-35.1893 128.205 -115.313,
					32.2232 40.7191 -85.7998,
					32.811 40.5566 -85.9002,
					57.5253 71.1052 -150.603,
					56.9375 71.2677 -150.503,
					0 20.804 -98.108,
					0 20.2783 -98.4329,
					0 35.5526 -172.576,
					0 36.0783 -172.251,
					-32.2232 40.7191 -85.7998,
					-32.811 40.5566 -85.9002,
					-57.5253 71.1052 -150.603,
					-56.9375 71.2677 -150.503,
				]
			}
			coordIndex [
				0, 1, 2, -1,
				0, 2, 3, -1,
				4, 5, 6, -1,
				4, 6, 7, -1,
				0, 3, 5, -1,
				0, 5, 4, -1,
				1, 7, 6, -1,
				1, 6, 2, -1,
				3, 2, 8, -1,
				3, 8, 9, -1,
				5, 10, 11, -1,
				5, 11, 6, -1,
				3, 9, 10, -1,
				3, 10, 5, -1,
				2, 6, 11, -1,
				2, 11, 8, -1,
				9, 8, 12, -1,
				9, 12, 13, -1,
				10, 14, 15, -1,
				10, 15, 11, -1,
				9, 13, 14, -1,
				9, 14, 10, -1,
				8, 11, 15, -1,
				8, 15, 12, -1,
				13, 12, 16, -1,
				13, 16, 17, -1,
				14, 18, 19, -1,
				14, 19, 15, -1,
				13, 17, 18, -1,
				13, 18, 14, -1,
				12, 15, 19, -1,
				12, 19, 16, -1,
				17, 16, 1, -1,
				17, 1, 0, -1,
				18, 4, 7, -1,
				18, 7, 19, -1,
				17, 0, 4, -1,
				17, 4, 18, -1,
				16, 19, 7, -1,
				16, 7, 1, -1,
			]
			solid FALSE
		}
	}
#---------- SOLID: Soccer_PENT_03_PV:0
	Shape {
		appearance Appearance {
			material Material {
				diffuseColor 1 0 0
				transparency 0.7
			}
		}
		geometry IndexedFaceSet {
			coord Coordinate {
				point [
					-32.2232 40.7191 85.7998,
					32.2232 40.7191 85.7998,
					0 20.804 98.108,
					19.915 72.9422 65.8848,
					-19.915 72.9422 65.8848,
					-56.9375 71.2677 150.503,
					0 36.0783 172.251,
					56.9375 71.2677 150.503,
					35.1893 128.205 115.313,
					-35.1893 128.205 115.313,
				]
			}
			coordIndex [
				0, 1, 2, -1,
				0, 3, 1, -1,
				0, 4, 3, -1,
				5, 6, 7, -1,
				5, 7, 8, -1,
				5, 8, 9, -1,
				0, 2, 6, -1,
				0, 6, 5, -1,
				2, 1, 7, -1,
				2, 7, 6, -1,
				1, 3, 8, -1,
				1, 8, 7, -1,
				3, 4, 9, -1,
				3, 9, 8, -1,
				4, 0, 5, -1,
				4, 5, 9, -1,
			]
			solid FALSE
		}
	}
#---------- SOLID: AlInner_PENT_03_PV:0
	Shape {
		appearance Appearance {
			material Material {
				diffuseColor 0.7 0.7 0.7
				transparency 0.7
			}
		}
		geometry IndexedFaceSet {
			coord Coordinate {
				point [
					-32.6477 40.3548 85.4729,
					32.6477 40.3548 85.4729,
					0 20.1774 97.9432,
					20.1774 73.0026 65.2955,
					-20.1774 73.0026 65.2955,
					-32.811 40.5566 85.9002,
					0 20.2783 98.4329,
					32.811 40.5566 85.9002,
					20.2783 73.3676 65.6219,
					-20.2783 73.3676 65.6219,
				]
			}
			coordIndex [
				0, 1, 2, -1,
				0, 3, 1, -1,
				0, 4, 3, -1,
				5, 6, 7, -1,
				5, 7, 8, -1,
				5, 8, 9, -1,
				0, 2, 6, -1,
				0, 6, 5, -1,
				2, 1, 7, -1,
				2, 7, 6, -1,
				1, 3, 8, -1,
				1, 8, 7, -1,
				3, 4, 9, -1,
				3, 9, 8, -1,
				4, 0, 5, -1,
				4, 5, 9, -1,
			]
			solid FALSE
		}
	}
#---------- SOLID: AlSide_PENT_03_PV:0
	Shape {
		appearance Appearance {
			material Material {
				diffuseColor 0.55 0.55 0.55
				transparency 0.7
			}
		}
		geometry IndexedFaceSet {
			coord Coordinate {
				point [
					-32.811 40.5566 85.9002,
					-32.2232 40.7191 85.7998,
					0 20.804 98.108,
					0 20.2783 98.4329,
					-57.5253 71.1052 150.603,
					0 35.5526 172.576,
					0 36.0783 172.251,
					-56.9375 71.2677 150.503,
					32.2232 40.7191 85.7998,
					32.811 40.5566 85.9002,
					57.5253 71.1052 150.603,
					56.9375 71.2677 150.503,
					19.915 72.9422 65.8848,
					20.2783 73.3676 65.6219,
					35.5526 128.631 115.051,
					35.1893 128.205 115.313,
					-19.915 72.9422 65.8848,
					-20.2783 73.3676 65.6219,
					-35.5526 128.631 115.051,
					-35.1893 128.205 115.313,
				]
			}
			coordIndex [
				0, 1, 2, -1,
				0, 2, 3, -1,
				4, 5, 6, -1,
				4, 6, 7, -1,
				0, 3, 5, -1,
				0, 5, 4, -1,
				1, 7, 6, -1,
				1, 6, 2, -1,
				3, 2, 8, -1,
				3, 8, 9, -1,
				5, 10, 11, -1,
				5, 11, 6, -1,
				3, 9, 10, -1,
				3, 10, 5, -1,
				2, 6, 11, -1,
				2, 11, 8, -1,
				9, 8, 12, -1,
				9, 12, 13, -1,
				10, 14, 15, -1,
				10, 15, 11, -1,
				9, 13, 14, -1,
				9, 14, 10, -1,
				8, 11, 15, -1,
				8, 15, 12, -1,
				13, 12, 16, -1,
				13, 16, 17, -1,
				14, 18, 19, -1,
				14, 19, 15, -1,
				13, 17, 18, -1,
				13, 18, 14, -1,
				12, 15, 19, -1,
				12, 19, 16, -1,
				17, 16, 1, -1,
				17, 1, 0, -1,
				18, 4, 7, -1,
				18, 7, 19, -1,
				17, 0, 4, -1,
				17, 4, 18, -1,
				16, 19, 7, -1,
				16, 7, 1, -1,
			]
			solid FALSE
		}
	}
#---------- SOLID: Soccer_PENT_04_PV:0
	Shape {
		appearance Appearance {
			material Material {
				diffuseColor 1 0 0
				transparency 0.7
			}
		}
		geometry IndexedFaceSet {
			coord Coordinate {
				point [
					-72.9422 -65.8848 -19.915,
					-20.804 -98.108 0,
					-40.7191 -85.7998 -32.2232,
					-40.7191 -85.7998 32.2232,
					-72.9422 -65.8848 19.915,
					-128.205 -115.313 -35.1893,
					-71.2677 -150.503 -56.9375,
					-36.0783 -172.251 0,
					-71.2677 -150.503 56.9375,
					-128.205 -115.313 35.1893,
				]
			}
			coordIndex [
				0, 1, 2, -1,
				0, 3, 1, -1,
				0, 4, 3, -1,
				5, 6, 7, -1,
				5, 7, 8, -1,
				5, 8, 9, -1,
				0, 2, 6, -1,
				0, 6, 5, -1,
				2, 1, 7, -1,
				2, 7, 6, -1,
				1, 3, 8, -1,
				1, 8, 7, -1,
				3, 4, 9, -1,
				3, 9, 8, -1,
				4, 0, 5, -1,
				4, 5, 9, -1,
			]
			solid FALSE
		}
	}
#---------- SOLID: AlInner_PENT_04_PV:0
	Shape {
		appearance Appearance {
			material Material {
				diffuseColor 0.7 0.7 0.7
				transparency 0.7
			}
		}
		geometry IndexedFaceSet {
			coord Coordinate {
				point [
					-73.0026 -65.2955 -20.1774,
					-20.1774 -97.9432 0,
					-40.3548 -85.4729 -32.6477,
					-40.3548 -85.4729 32.6477,
					-73.0026 -65.2955 20.1774,
					-73.3676 -65.6219 -20.2783,
					-40.5566 -85.9002 -32.811,
					-20.2783 -98.4329 0,
					-40.5566 -85.9002 32.811,
					-73.3676 -65.6219 20.2783,
				]
			}
			coordIndex [
				0, 1, 2, -1,
				0, 3, 1, -1,
				0, 4, 3, -1,
				5, 6, 7, -1,
				5, 7, 8, -1,
				5, 8, 9, -1,
				0, 2, 6, -1,
				0, 6, 5, -1,
				2, 1, 7, -1,
				2, 7, 6, -1,
				1, 3, 8, -1,
				1, 8, 7, -1,
				3, 4, 9, -1,
				3, 9, 8, -1,
				4, 0, 5, -1,
				4, 5, 9, -1,
			]
			solid FALSE
		}
	}
#---------- SOLID: AlSide_PENT_04_PV:0
	Shape {
		appearance Appearance {
			material Material {
				diffuseColor 0.55 0.55 0.55
				transparency 0.7
			}
		}
		geometry IndexedFaceSet {
			coord Coordinate {
				point [
					-73.3676 -65.6219 -20.2783,
					-72.9422 -65.8848 -19.915,
					-40.7191 -85.7998 -32.2232,
					-40.5566 -85.9002 -32.811,
					-128.631 -115.051 -35.5526,
					-71.1052 -150.603 -57.5253,
					-71.2677 -150.503 -56.9375,
					-128.205 -115.313 -35.1893,
					-20.804 -98.108 0,
					-20.2783 -98.4329 0,
					-35.5526 -172.576 0,
					-36.0783 -172.251 0,
					-40.7191 -85.7998 32.2232,
					-40.5566 -85.9002 32.811,
					-71.1052 -150.603 57.5253,
					-71.2677 -150.503 56.9375,
					-72.9422 -65.8848 19.915,
					-73.3676 -65.6219 20.2783,
					-128.631 -115.051 35.5526,
					-128.205 -115.313 35.1893,
				]
			}
			coordIndex [
				0, 1, 2, -1,
				0, 2, 3, -1,
				4, 5, 6, -1,
				4, 6, 7, -1,
				0, 3, 5, -1,
				0, 5, 4, -1,
				1, 7, 6, -1,
				1, 6, 2, -1,
				3, 2, 8, -1,
				3, 8, 9, -1,
				5, 10, 11, -1,
				5, 11, 6, -1,
				3, 9, 10, -1,
				3, 10, 5, -1,
				2, 6, 11, -1,
				2, 11, 8, -1,
				9, 8, 12, -1,
				9, 12, 13, -1,
				10, 14, 15, -1,
				10, 15, 11, -1,
				9, 13, 14, -1,
				9, 14, 10, -1,
				8, 11, 15, -1,
				8, 15, 12, -1,
				13, 12, 16, -1,
				13, 16, 17, -1,
				14, 18, 19, -1,
				14, 19, 15, -1,
				13, 17, 18, -1,
				13, 18, 14, -1,
				12, 15, 19, -1,
				12, 19, 16, -1,
				17, 16, 1, -1,
				17, 1, 0, -1,
				18, 4, 7, -1,
				18, 7, 19, -1,
				17, 0, 4, -1,
				17, 4, 18, -1,
				16, 19, 7, -1,
				16, 7, 1, -1,
			]
			solid FALSE
		}
	}
#---------- SOLID: Soccer_PENT_05_PV:0
	Shape {
		appearance Appearance {
			material Material {
				diffuseColor 1 0 0
				transparency 0.7
			}
		}
		geometry IndexedFaceSet {
			coord Coordinate {
				point [
					-72.9422 65.8848 19.915,
					-20.804 98.108 0,
					-40.7191 85.7998 32.2232,
					-40.7191 85.7998 -32.2232,
					-72.9422 65.8848 -19.915,
					-128.205 115.313 35.1893,
					-71.2677 150.503 56.9375,
					-36.0783 172.251 0,
					-71.2677 150.503 -56.9375,
					-128.205 115.313 -35.1893,
				]
			}
			coordIndex [
				0, 1, 2, -1,
				0, 3, 1, -1,
				0, 4, 3, -1,
				5, 6, 7, -1,
				5, 7, 8, -1,
				5, 8, 9, -1,
				0, 2, 6, -1,
				0, 6, 5, -1,
				2, 1, 7, -1,
				2, 7, 6, -1,
				1, 3, 8, -1,
				1, 8, 7, -1,
				3, 4, 9, -1,
				3, 9, 8, -1,
				4, 0, 5, -1,
				4, 5, 9, -1,
			]
			solid FALSE
		}
	}
#---------- SOLID: AlInner_PENT_05_PV:0
	Shape {
		appearance Appearance {
			material Material {
				diffuseColor 0.7 0.7 0.7
				transparency 0.7
			}
		}
		geometry IndexedFaceSet {
			coord Coordinate {
				point [
					-73.0026 65.2955 20.1774,
					-20.1774 97.9432 0,
					-40.3548 85.4729 32.6477,
					-40.3548 85.4729 -32.6477,
					-73.0026 65.2955 -20.1774,
					-73.3676 65.6219 20.2783,
					-40.5566 85.9002 32.811,
					-20.2783 98.4329 0,
					-40.5566 85.9002 -32.811,
					-73.3676 65.6219 -20.2783,
				]
			}
			coordIndex [
				0, 1, 2, -1,
				0, 3, 1, -1,
				0, 4, 3, -1,
				5, 6, 7, -1,
				5, 7, 8, -1,
				5, 8, 9, -1,
				0, 2, 6, -1,
				0, 6, 5, -1,
				2, 1, 7, -1,
				2, 7, 6, -1,
				1, 3, 8, -1,
				1, 8, 7, -1,
				3, 4, 9, -1,
				3, 9, 8, -1,
				4, 0, 5, -1,
				4, 5, 9, -1,
			]
			solid FALSE
		}
	}
#---------- SOLID: AlSide_PENT_05_PV:0
	Shape {
		appearance Appearance {
			material Material {
				diffuseColor 0.55 0.55 0.55
				transparency 0.7
			}
		}
		geometry IndexedFaceSet {
			coord Coordinate {
				point [
					-73.3676 65.6219 20.2783,
					-72.9422 65.8848 19.915,
					-40.7191 85.7998 32.2232,
					-40.5566 85.9002 32.811,
					-128.631 115.051 35.5526,
					-71.1052 150.603 57.5253,
					-71.2677 150.503 56.9375,
					-128.205 115.313 35.1893,
					-20.804 98.108 0,
					-20.2783 98.4329 0,
					-35.5526 172.576 0,
					-36.0783 172.251 0,
					-40.7191 85.7998 -32.2232,
					-40.5566 85.9002 -32.811,
					-71.1052 150.603 -57.5253,
					-71.2677 150.503 -56.9375,
					-72.9422 65.8848 -19.915,
					-73.3676 65.6219 -20.2783,
					-128.631 115.051 -35.5526,
					-128.205 115.313 -35.1893,
				]
			}
			coordIndex [
				0, 1, 2, -1,
				0, 2, 3, -1,
				4, 5, 6, -1,
				4, 6, 7, -1,
				0, 3, 5, -1,
				0, 5, 4, -1,
				1, 7, 6, -1,
				1, 6, 2, -1,
				3, 2, 8, -1,
				3, 8, 9, -1,
				5, 10, 11, -1,
				5, 11, 6, -1,
				3, 9, 10, -1,
				3, 10, 5, -1,
				2, 6, 11, -1,
				2, 11, 8, -1,
				9, 8, 12, -1,
				9, 12, 13, -1,
				10, 14, 15, -1,
				10, 15, 11, -1,
				9, 13, 14, -1,
				9, 14, 10, -1,
				8, 11, 15, -1,
				8, 15, 12, -1,
				13, 12, 16, -1,
				13, 16, 17, -1,
				14, 18, 19, -1,
				14, 19, 15, -1,
				13, 17, 18, -1,
				13, 18, 14, -1,
				12, 15, 19, -1,
				12, 19, 16, -1,
				17, 16, 1, -1,
				17, 1, 0, -1,
				18, 4, 7, -1,
				18, 7, 19, -1,
				17, 0, 4, -1,
				17, 4, 18, -1,
				16, 19, 7, -1,
				16, 7, 1, -1,
			]
			solid FALSE
		}
	}
#---------- SOLID: Soccer_PENT_06_PV:0
	Shape {
		appearance Appearance {
			material Material {
				diffuseColor 1 0 0
				transparency 0.7
			}
		}
		geometry IndexedFaceSet {
			coord Coordinate {
				point [
					40.7191 -85.7998 -32.2232,
					72.9422 -65.8848 19.915,
					72.9422 -65.8848 -19.915,
					40.7191 -85.7998 32.2232,
					20.804 -98.108 0,
					71.2677 -150.503 -56.9375,
					128.205 -115.313 -35.1893,
					128.205 -115.313 35.1893,
					71.2677 -150.503 56.9375,
					36.0783 -172.251 0,
				]
			}
			coordIndex [
				0, 1, 2, -1,
				0, 3, 1, -1,
				0, 4, 3, -1,
				5, 6, 7, -1,
				5, 7, 8, -1,
				5, 8, 9, -1,
				0, 2, 6, -1,
				0, 6, 5, -1,
				2, 1, 7, -1,
				2, 7, 6, -1,
				1, 3, 8, -1,
				1, 8, 7, -1,
				3, 4, 9, -1,
				3, 9, 8, -1,
				4, 0, 5, -1,
				4, 5, 9, -1,
			]
			solid FALSE
		}
	}
#---------- SOLID: AlInner_PENT_06_PV:0
	Shape {
		appearance Appearance {
			material Material {
				diffuseColor 0.7 0.7 0.7
				transparency 0.7
			}
		}
		geometry IndexedFaceSet {
			coord Coordinate {
				point [
					40.3548 -85.4729 -32.6477,
					73.0026 -65.2955 20.1774,
					73.0026 -65.2955 -20.1774,
					40.3548 -85.4729 32.6477,
					20.1774 -97.9432 0,
					40.5566 -85.9002 -32.811,
					73.3676 -65.6219 -20.2783,
					73.3676 -65.6219 20.2783,
					40.5566 -85.9002 32.811,
					20.2783 -98.4329 0,
				]
			}
			coordIndex [
				0, 1, 2, -1,
				0, 3, 1, -1,
				0, 4, 3, -1,
				5, 6, 7, -1,
				5, 7, 8, -1,
				5, 8, 9, -1,
				0, 2, 6, -1,
				0, 6, 5, -1,
				2, 1, 7, -1,
				2, 7, 6, -1,
				1, 3, 8, -1,
				1, 8, 7, -1,
				3, 4, 9, -1,
				3, 9, 8, -1,
				4, 0, 5, -1,
				4, 5, 9, -1,
			]
			solid FALSE
		}
	}
#---------- SOLID: AlSide_PENT_06_PV:0
	Shape {
		appearance Appearance {
			material Material {
				diffuseColor 0.55 0.55 0.55
				transparency 0.7
			}
		}
		geometry IndexedFaceSet {
			coord Coordinate {
				point [
					40.5566 -85.9002 -32.811,
					40.7191 -85.7998 -32.2232,
					72.9422 -65.8848 -19.915,
					73.3676 -65.6219 -20.2783,
					71.1052 -150.603 -57.5253,
					128.631 -115.051 -35.5526,
					128.205 -115.313 -35.1893,
					71.2677 -150.503 -56.9375,
					72.9422 -65.8848 19.915,
					73.3676 -65.6219 20.2783,
					128.631 -115.051 35.5526,
					128.205 -115.313 35.1893,
					40.7191 -85.7998 32.2232,
					40.5566 -85.9002 32.811,
					71.1052 -150.603 57.5253,
					71.2677 -150.503 56.9375,
					20.804 -98.108 0,
					20.2783 -98.4329 0,
					35.5526 -172.576 0,
					36.0783 -172.251 0,
				]
			}
			coordIndex [
				0, 1, 2, -1,
				0, 2, 3, -1,
				4, 5, 6, -1,
				4, 6, 7, -1,
				0, 3, 5, -1,
				0, 5, 4, -1,
				1, 7, 6, -1,
				1, 6, 2, -1,
				3, 2, 8, -1,
				3, 8, 9, -1,
				5, 10, 11, -1,
				5, 11, 6, -1,
				3, 9, 10, -1,
				3, 10, 5, -1,
				2, 6, 11, -1,
				2, 11, 8, -1,
				9, 8, 12, -1,
				9, 12, 13, -1,
				10, 14, 15, -1,
				10, 15, 11, -1,
				9, 13, 14, -1,
				9, 14, 10, -1,
				8, 11, 15, -1,
				8, 15, 12, -1,
				13, 12, 16, -1,
				13, 16, 17, -1,
				14, 18, 19, -1,
				14, 19, 15, -1,
				13, 17, 18, -1,
				13, 18, 14, -1,
				12, 15, 19, -1,
				12, 19, 16, -1,
				17, 16, 1, -1,
				17, 1, 0, -1,
				18, 4, 7, -1,
				18, 7, 19, -1,
				17, 0, 4, -1,
				17, 4, 18, -1,
				16, 19, 7, -1,
				16, 7, 1, -1,
			]
			solid FALSE
		}
	}
#---------- SOLID: Soccer_PENT_07_PV:0
	Shape {
		appearance Appearance {
			material Material {
				diffuseColor 1 0 0
				transparency 0.7
			}
		}
		geometry IndexedFaceSet {
			coord Coordinate {
				point [
					40.7191 85.7998 32.2232,
					72.9422 65.8848 -19.915,
					72.9422 65.8848 19.915,
					40.7191 85.7998 -32.2232,
					20.804 98.108 0,
					71.2677 150.503 56.9375,
					128.205 115.313 35.1893,
					128.205 115.313 -35.1893,
					71.2677 150.503 -56.9375,
					36.0783 172.251 0,
				]
			}
			coordIndex [
				0, 1, 2, -1,
				0, 3, 1, -1,
				0, 4, 3, -1,
				5, 6, 7, -1,
				5, 7, 8, -1,
				5, 8, 9, -1,
				0, 2, 6, -1,
				0, 6, 5, -1,
				2, 1, 7, -1,
				2, 7, 6, -1,
				1, 3, 8, -1,
				1, 8, 7, -1,
				3, 4, 9, -1,
				3, 9, 8, -1,
				4, 0, 5, -1,
				4, 5, 9, -1,
			]
			solid FALSE
		}
	}
#---------- SOLID: AlInner_PENT_07_PV:0
	Shape {
		appearance Appearance {
			material Material {
				diffuseColor 0.7 0.7 0.7
				transparency 0.7
			}
		}
		geometry IndexedFaceSet {
			coord Coordinate {
				point [
					40.3548 85.4729 32.6477,
					73.0026 65.2955 -20.1774,
					73.0026 65.2955 20.1774,
					40.3548 85.4729 -32.6477,
					20.1774 97.9432 0,
					40.5566 85.9002 32.811,
					73.3676 65.6219 20.2783,
					73.3676 65.6219 -20.2783,
					40.5566 85.9002 -32.811,
					20.2783 98.4329 0,
				]
			}
			coordIndex [
				0, 1, 2, -1,
				0, 3, 1, -1,
				0, 4, 3, -1,
				5, 6, 7, -1,
				5, 7, 8, -1,
				5, 8, 9, -1,
				0, 2, 6, -1,
				0, 6, 5, -1,
				2, 1, 7, -1,
				2, 7, 6, -1,
				1, 3, 8, -1,
				1, 8, 7, -1,
				3, 4, 9, -1,
				3, 9, 8, -1,
				4, 0, 5, -1,
				4, 5, 9, -1,
			]
			solid FALSE
		}
	}
#---------- SOLID: AlSide_PENT_07_PV:0
	Shape {
		appearance Appearance {
			material Material {
				diffuseColor 0.55 0.55 0.55
				transparency 0.7
			}
		}
		geometry IndexedFaceSet {
			coord Coordinate {
				point [
					40.5566 85.9002 32.811,
					40.7191 85.7998 32.2232,
					72.9422 65.8848 19.915,
					73.3676 65.6219 20.2783,
					71.1052 150.603 57.5253,
					128.631 115.051 35.5526,
					128.205 115.313 35.1893,
					71.2677 150.503 56.9375,
					72.9422 65.8848 -19.915,
					73.3676 65.6219 -20.2783,
					128.631 115.051 -35.5526,
					128.205 115.313 -35.1893,
					40.7191 85.7998 -32.2232,
					40.5566 85.9002 -32.811,
					71.1052 150.603 -57.5253,
					71.2677 150.503 -56.9375,
					20.804 98.108 0,
					20.2783 98.4329 0,
					35.5526 172.576 0,
					36.0783 172.251 0,
				]
			}
			coordIndex [
				0, 1, 2, -1,
				0, 2, 3, -1,
				4, 5, 6, -1,
				4, 6, 7, -1,
				0, 3, 5, -1,
				0, 5, 4, -1,
				1, 7, 6, -1,
				1, 6, 2, -1,
				3, 2, 8, -1,
				3, 8, 9, -1,
				5, 10, 11, -1,
				5, 11, 6, -1,
				3, 9, 10, -1,
				3, 10, 5, -1,
				2, 6, 11, -1,
				2, 11, 8, -1,
				9, 8, 12, -1,
				9, 12, 13, -1,
				10, 14, 15, -1,
				10, 15, 11, -1,
				9, 13, 14, -1,
				9, 14, 10, -1,
				8, 11, 15, -1,
				8, 15, 12, -1,
				13, 12, 16, -1,
				13, 16, 17, -1,
				14, 18, 19, -1,
				14, 19, 15, -1,
				13, 17, 18, -1,
				13, 18, 14, -1,
				12, 15, 19, -1,
				12, 19, 16, -1,
				17, 16, 1, -1,
				17, 1, 0, -1,
				18, 4, 7, -1,
				18, 7, 19, -1,
				17, 0, 4, -1,
				17, 4, 18, -1,
				16, 19, 7, -1,
				16, 7, 1, -1,
			]
			solid FALSE
		}
	}
#---------- SOLID: Soccer_PENT_08_PV:0
	Shape {
		appearance Appearance {
			material Material {
				diffuseColor 1 0 0
				transparency 0.7
			}
		}
		geometry IndexedFaceSet {
			coord Coordinate {
				point [
					-85.7998 32.2232 -40.7191,
					-65.8848 -19.915 -72.9422,
					-65.8848 19.915 -72.9422,
					-85.7998 -32.2232 -40.7191,
					-98.108 0 -20.804,
					-150.503 56.9375 -71.2677,
					-115.313 35.1893 -128.205,
					-115.313 -35.1893 -128.205,
					-150.503 -56.9375 -71.2677,
					-172.251 0 -36.0783,
				]
			}
			coordIndex [
				0, 1, 2, -1,
				0, 3, 1, -1,
				0, 4, 3, -1,
				5, 6, 7, -1,
				5, 7, 8, -1,
				5, 8, 9, -1,
				0, 2, 6, -1,
				0, 6, 5, -1,
				2, 1, 7, -1,
				2, 7, 6, -1,
				1, 3, 8, -1,
				1, 8, 7, -1,
				3, 4, 9, -1,
				3, 9, 8, -1,
				4, 0, 5, -1,
				4, 5, 9, -1,
			]
			solid FALSE
		}
	}
#---------- SOLID: AlInner_PENT_08_PV:0
	Shape {
		appearance Appearance {
			material Material {
				diffuseColor 0.7 0.7 0.7
				transparency 0.7
			}
		}
		geometry IndexedFaceSet {
			coord Coordinate {
				point [
					-85.4729 32.6477 -40.3548,
					-65.2955 -20.1774 -73.0026,
					-65.2955 20.1774 -73.0026,
					-85.4729 -32.6477 -40.3548,
					-97.9432 0 -20.1774,
					-85.9002 32.811 -40.5566,
					-65.6219 20.2783 -73.3676,
					-65.6219 -20.2783 -73.3676,
					-85.9002 -32.811 -40.5566,
					-98.4329 0 -20.2783,
				]
			}
			coordIndex [
				0, 1, 2, -1,
				0, 3, 1, -1,
				0, 4, 3, -1,
				5, 6, 7, -1,
				5, 7, 8, -1,
				5, 8, 9, -1,
				0, 2, 6, -1,
				0, 6, 5, -1,
				2, 1, 7, -1,
				2, 7, 6, -1,
				1, 3, 8, -1,
				1, 8, 7, -1,
				3, 4, 9, -1,
				3, 9, 8, -1,
				4, 0, 5, -1,
				4, 5, 9, -1,
			]
			solid FALSE
		}
	}
#---------- SOLID: AlSide_PENT_08_PV:0
	Shape {
		appearance Appearance {
			material Material {
				diffuseColor 0.55 0.55 0.55
				transparency 0.7
			}
		}
		geometry IndexedFaceSet {
			coord Coordinate {
				point [
					-85.9002 32.811 -40.5566,
					-85.7998 32.2232 -40.7191,
					-65.8848 19.915 -72.9422,
					-65.6219 20.2783 -73.3676,
					-150.603 57.5253 -71.1052,
					-115.051 35.5526 -128.631,
					-115.313 35.1893 -128.205,
					-150.503 56.9375 -71.2677,
					-65.8848 -19.915 -72.9422,
					-65.6219 -20.2783 -73.3676,
					-115.051 -35.5526 -128.631,
					-115.313 -35.1893 -128.205,
					-85.7998 -32.2232 -40.7191,
					-85.9002 -32.811 -40.5566,
					-150.603 -57.5253 -71.1052,
					-150.503 -56.9375 -71.2677,
					-98.108 0 -20.804,
					-98.4329 0 -20.2783,
					-172.576 0 -35.5526,
					-172.251 0 -36.0783,
				]
			}
			coordIndex [
				0, 1, 2, -1,
				0, 2, 3, -1,
				4, 5, 6, -1,
				4, 6, 7, -1,
				0, 3, 5, -1,
				0, 5, 4, -1,
				1, 7, 6, -1,
				1, 6, 2, -1,
				3, 2, 8, -1,
				3, 8, 9, -1,
				5, 10, 11, -1,
				5, 11, 6, -1,
				3, 9, 10, -1,
				3, 10, 5, -1,
				2, 6, 11, -1,
				2, 11, 8, -1,
				9, 8, 12, -1,
				9, 12, 13, -1,
				10, 14, 15, -1,
				10, 15, 11, -1,
				9, 13, 14, -1,
				9, 14, 10, -1,
				8, 11, 15, -1,
				8, 15, 12, -1,
				13, 12, 16, -1,
				13, 16, 17, -1,
				14, 18, 19, -1,
				14, 19, 15, -1,
				13, 17, 18, -1,
				13, 18, 14, -1,
				12, 15, 19, -1,
				12, 19, 16, -1,
				17, 16, 1, -1,
				17, 1, 0, -1,
				18, 4, 7, -1,
				18, 7, 19, -1,
				17, 0, 4, -1,
				17, 4, 18, -1,
				16, 19, 7, -1,
				16, 7, 1, -1,
			]
			solid FALSE
		}
	}
#---------- SOLID: Soccer_PENT_09_PV:0
	Shape {
		appearance Appearance {
			material Material {
				diffuseColor 1 0 0
				transparency 0.7
			}
		}
		geometry IndexedFaceSet {
			coord Coordinate {
				point [
					-85.7998 -32.2232 40.7191,
					-65.8848 19.915 72.9422,
					-65.8848 -19.915 72.9422,
					-85.7998 32.2232 40.7191,
					-98.108 0 20.804,
					-150.503 -56.9375 71.2677,
					-115.313 -35.1893 128.205,
					-115.313 35.1893 128.205,
					-150.503 56.9375 71.2677,
					-172.251 0 36.0783,
				]
			}
			coordIndex [
				0, 1, 2, -1,
				0, 3, 1, -1,
				0, 4, 3, -1,
				5, 6, 7, -1,
				5, 7, 8, -1,
				5, 8, 9, -1,
				0, 2, 6, -1,
				0, 6, 5, -1,
				2, 1, 7, -1,
				2, 7, 6, -1,
				1, 3, 8, -1,
				1, 8, 7, -1,
				3, 4, 9, -1,
				3, 9, 8, -1,
				4, 0, 5, -1,
				4, 5, 9, -1,
			]
			solid FALSE
		}
	}
#---------- SOLID: AlInner_PENT_09_PV:0
	Shape {
		appearance Appearance {
			material Material {
				diffuseColor 0.7 0.7 0.7
				transparency 0.7
			}
		}
		geometry IndexedFaceSet {
			coord Coordinate {
				point [
					-85.4729 -32.6477 40.3548,
					-65.2955 20.1774 73.0026,
					-65.2955 -20.1774 73.0026,
					-85.4729 32.6477 40.3548,
					-97.9432 0 20.1774,
					-85.9002 -32.811 40.5566,
					-65.6219 -20.2783 73.3676,
					-65.6219 20.2783 73.3676,
					-85.9002 32.811 40.5566,
					-98.4329 0 20.2783,
				]
			}
			coordIndex [
				0, 1, 2, -1,
				0, 3, 1, -1,
				0, 4, 3, -1,
				5, 6, 7, -1,
				5, 7, 8, -1,
				5, 8, 9, -1,
				0, 2, 6, -1,
				0, 6, 5, -1,
				2, 1, 7, -1,
				2, 7, 6, -1,
				1, 3, 8, -1,
				1, 8, 7, -1,
				3, 4, 9, -1,
				3, 9, 8, -1,
				4, 0, 5, -1,
				4, 5, 9, -1,
			]
			solid FALSE
		}
	}
#---------- SOLID: AlSide_PENT_09_PV:0
	Shape {
		appearance Appearance {
			material Material {
				diffuseColor 0.55 0.55 0.55
				transparency 0.7
			}
		}
		geometry IndexedFaceSet {
			coord Coordinate {
				point [
					-85.9002 -32.811 40.5566,
					-85.7998 -32.2232 40.7191,
					-65.8848 -19.915 72.9422,
					-65.6219 -20.2783 73.3676,
					-150.603 -57.5253 71.1052,
					-115.051 -35.5526 128.631,
					-115.313 -35.1893 128.205,
					-150.503 -56.9375 71.2677,
					-65.8848 19.915 72.9422,
					-65.6219 20.2783 73.3676,
					-115.051 35.5526 128.631,
					-115.313 35.1893 128.205,
					-85.7998 32.2232 40.7191,
					-85.9002 32.811 40.5566,
					-150.603 57.5253 71.1052,
					-150.503 56.9375 71.2677,
					-98.108 0 20.804,
					-98.4329 0 20.2783,
					-172.576 0 35.5526,
					-172.251 0 36.0783,
				]
			}
			coordIndex [
				0, 1, 2, -1,
				0, 2, 3, -1,
				4, 5, 6, -1,
				4, 6, 7, -1,
				0, 3, 5, -1,
				0, 5, 4, -1,
				1, 7, 6, -1,
				1, 6, 2, -1,
				3, 2, 8, -1,
				3, 8, 9, -1,
				5, 10, 11, -1,
				5, 11, 6, -1,
				3, 9, 10, -1,
				3, 10, 5, -1,
				2, 6, 11, -1,
				2, 11, 8, -1,
				9, 8, 12, -1,
				9, 12, 13, -1,
				10, 14, 15, -1,
				10, 15, 11, -1,
				9, 13, 14, -1,
				9, 14, 10, -1,
				8, 11, 15, -1,
				8, 15, 12, -1,
				13, 12, 16, -1,
				13, 16, 17, -1,
				14, 18, 19, -1,
				14, 19, 15, -1,
				13, 17, 18, -1,
				13, 18, 14, -1,
				12, 15, 19, -1,
				12, 19, 16, -1,
				17, 16, 1, -1,
				17, 1, 0, -1,
				18, 4, 7, -1,
				18, 7, 19, -1,
				17, 0, 4, -1,
				17, 4, 18, -1,
				16, 19, 7, -1,
				16, 7, 1, -1,
			]
			solid FALSE
		}
	}
#---------- SOLID: Soccer_PENT_10_PV:0
	Shape {
		appearance Appearance {
			material Material {
				diffuseColor 1 0 0
				transparency 0.7
			}
		}
		geometry IndexedFaceSet {
			coord Coordinate {
				point [
					65.8848 19.915 -72.9422,
					98.108 0 -20.804,
					85.7998 32.2232 -40.7191,
					85.7998 -32.2232 -40.7191,
					65.8848 -19.915 -72.9422,
					115.313 35.1893 -128.205,
					150.503 56.9375 -71.2677,
					172.251 0 -36.0783,
					150.503 -56.9375 -71.2677,
					115.313 -35.1893 -128.205,
				]
			}
			coordIndex [
				0, 1, 2, -1,
				0, 3, 1, -1,
				0, 4, 3, -1,
				5, 6, 7, -1,
				5, 7, 8, -1,
				5, 8, 9, -1,
				0, 2, 6, -1,
				0, 6, 5, -1,
				2, 1, 7, -1,
				2, 7, 6, -1,
				1, 3, 8, -1,
				1, 8, 7, -1,
				3, 4, 9, -1,
				3, 9, 8, -1,
				4, 0, 5, -1,
				4, 5, 9, -1,
			]
			solid FALSE
		}
	}
#---------- SOLID: AlInner_PENT_10_PV:0
	Shape {
		appearance Appearance {
			material Material {
				diffuseColor 0.7 0.7 0.7
				transparency 0.7
			}
		}
		geometry IndexedFaceSet {
			coord Coordinate {
				point [
					65.2955 20.1774 -73.0026,
					97.9432 0 -20.1774,
					85.4729 32.6477 -40.3548,
					85.4729 -32.6477 -40.3548,
					65.2955 -20.1774 -73.0026,
					65.6219 20.2783 -73.3676,
					85.9002 32.811 -40.5566,
					98.4329 0 -20.2783,
					85.9002 -32.811 -40.5566,
					65.6219 -20.2783 -73.3676,
				]
			}
			coordIndex [
				0, 1, 2, -1,
				0, 3, 1, -1,
				0, 4, 3, -1,
				5, 6, 7, -1,
				5, 7, 8, -1,
				5, 8, 9, -1,
				0, 2, 6, -1,
				0, 6, 5, -1,
				2, 1, 7, -1,
				2, 7, 6, -1,
				1, 3, 8, -1,
				1, 8, 7, -1,
				3, 4, 9, -1,
				3, 9, 8, -1,
				4, 0, 5, -1,
				4, 5, 9, -1,
			]
			solid FALSE
		}
	}
#---------- SOLID: AlSide_PENT_10_PV:0
	Shape {
		appearance Appearance {
			material Material {
				diffuseColor 0.55 0.55 0.55
				transparency 0.7
			}
		}
		geometry IndexedFaceSet {
			coord Coordinate {
				point [
					65.6219 20.2783 -73.3676,
					65.8848 19.915 -72.9422,
					85.7998 32.2232 -40.7191,
					85.9002 32.811 -40.5566,
					115.051 35.5526 -128.631,
					150.603 57.5253 -71.1052,
					150.503 56.9375 -71.2677,
					115.313 35.1893 -128.205,
					98.108 0 -20.804,
					98.4329 0 -20.2783,
					172.576 0 -35.5526,
					172.251 0 -36.0783,
					85.7998 -32.2232 -40.7191,
					85.9002 -32.811 -40.5566,
					150.603 -57.5253 -71.1052,
					150.503 -56.9375 -71.2677,
					65.8848 -19.915 -72.9422,
					65.6219 -20.2783 -73.3676,
					115.051 -35.5526 -128.631,
					115.313 -35.1893 -128.205,
				]
			}
			coordIndex [
				0, 1, 2, -1,
				0, 2, 3, -1,
				4, 5, 6, -1,
				4, 6, 7, -1,
				0, 3, 5, -1,
				0, 5, 4, -1,
				1, 7, 6, -1,
				1, 6, 2, -1,
				3, 2, 8, -1,
				3, 8, 9, -1,
				5, 10, 11, -1,
				5, 11, 6, -1,
				3, 9, 10, -1,
				3, 10, 5, -1,
				2, 6, 11, -1,
				2, 11, 8, -1,
				9, 8, 12, -1,
				9, 12, 13, -1,
				10, 14, 15, -1,
				10, 15, 11, -1,
				9, 13, 14, -1,
				9, 14, 10, -1,
				8, 11, 15, -1,
				8, 15, 12, -1,
				13, 12, 16, -1,
				13, 16, 17, -1,
				14, 18, 19, -1,
				14, 19, 15, -1,
				13, 17, 18, -1,
				13, 18, 14, -1,
				12, 15, 19, -1,
				12, 19, 16, -1,
				17, 16, 1, -1,
				17, 1, 0, -1,
				18, 4, 7, -1,
				18, 7, 19, -1,
				17, 0, 4, -1,
				17, 4, 18, -1,
				16, 19, 7, -1,
				16, 7, 1, -1,
			]
			solid FALSE
		}
	}
#---------- SOLID: Soccer_PENT_11_PV:0
	Shape {
		appearance Appearance {
			material Material {
				diffuseColor 1 0 0
				transparency 0.7
			}
		}
		geometry IndexedFaceSet {
			coord Coordinate {
				point [
					65.8848 -19.915 72.9422,
					98.108 0 20.804,
					85.7998 -32.2232 40.7191,
					85.7998 32.2232 40.7191,
					65.8848 19.915 72.9422,
					115.313 -35.1893 128.205,
					150.503 -56.9375 71.2677,
					172.251 0 36.0783,
					150.503 56.9375 71.2677,
					115.313 35.1893 128.205,
				]
			}
			coordIndex [
				0, 1, 2, -1,
				0, 3, 1, -1,
				0, 4, 3, -1,
				5, 6, 7, -1,
				5, 7, 8, -1,
				5, 8, 9, -1,
				0, 2, 6, -1,
				0, 6, 5, -1,
				2, 1, 7, -1,
				2, 7, 6, -1,
				1, 3, 8, -1,
				1, 8, 7, -1,
				3, 4, 9, -1,
				3, 9, 8, -1,
				4, 0, 5, -1,
				4, 5, 9, -1,
			]
			solid FALSE
		}
	}
#---------- SOLID: AlInner_PENT_11_PV:0
	Shape {
		appearance Appearance {
			material Material {
				diffuseColor 0.7 0.7 0.7
				transparency 0.7
			}
		}
		geometry IndexedFaceSet {
			coord Coordinate {
				point [
					65.2955 -20.1774 73.0026,
					97.9432 0 20.1774,
					85.4729 -32.6477 40.3548,
					85.4729 32.6477 40.3548,
					65.2955 20.1774 73.0026,
					65.6219 -20.2783 73.3676,
					85.9002 -32.811 40.5566,
					98.4329 0 20.2783,
					85.9002 32.811 40.5566,
					65.6219 20.2783 73.3676,
				]
			}
			coordIndex [
				0, 1, 2, -1,
				0, 3, 1, -1,
				0, 4, 3, -1,
				5, 6, 7, -1,
				5, 7, 8, -1,
				5, 8, 9, -1,
				0, 2, 6, -1,
				0, 6, 5, -1,
				2, 1, 7, -1,
				2, 7, 6, -1,
				1, 3, 8, -1,
				1, 8, 7, -1,
				3, 4, 9, -1,
				3, 9, 8, -1,
				4, 0, 5, -1,
				4, 5, 9, -1,
			]
			solid FALSE
		}
	}
#---------- SOLID: AlSide_PENT_11_PV:0
	Shape {
		appearance Appearance {
			material Material {
				diffuseColor 0.55 0.55 0.55
				transparency 0.7
			}
		}
		geometry IndexedFaceSet {
			coord Coordinate {
				point [
					65.6219 -20.2783 73.3676,
					65.8848 -19.915 72.9422,
					85.7998 -32.2232 40.7191,
					85.9002 -32.811 40.5566,
					115.051 -35.5526 128.631,
					150.603 -57.5253 71.1052,
					150.503 -56.9375 71.2677,
					115.313 -35.1893 128.205,
					98.108 0 20.804,
					98.4329 0 20.2783,
					172.576 0 35.5526,
					172.251 0 36.0783,
					85.7998 32.2232 40.7191,
					85.9002 32.811 40.5566,
					150.603 57.5253 71.1052,
					150.503 56.9375 71.2677,
					65.8848 19.915 72.9422,
					65.6219 20.2783 73.3676,
					115.051 35.5526 128.631,
					115.313 35.1893 128.205,
				]
			}
			coordIndex [
				0, 1, 2, -1,
				0, 2, 3, -1,
				4, 5, 6, -1,
				4, 6, 7, -1,
				0, 3, 5, -1,
				0, 5, 4, -1,
				1, 7, 6, -1,
				1, 6, 2, -1,
				3, 2, 8, -1,
				3, 8, 9, -1,
				5, 10, 11, -1,
				5, 11, 6, -1,
				3, 9, 10, -1,
				3, 10, 5, -1,
				2, 6, 11, -1,
				2, 11, 8, -1,
				9, 8, 12, -1,
				9, 12, 13, -1,
				10, 14, 15, -1,
				10, 15, 11, -1,
				9, 13, 14, -1,
				9, 14, 10, -1,
				8, 11, 15, -1,
				8, 15, 12, -1,
				13, 12, 16, -1,
				13, 16, 17, -1,
				14, 18, 19, -1,
				14, 19, 15, -1,
				13, 17, 18, -1,
				13, 18, 14, -1,
				12, 15, 19, -1,
				12, 19, 16, -1,
				17, 16, 1, -1,
				17, 1, 0, -1,
				18, 4, 7, -1,
				18, 7, 19, -1,
				17, 0, 4, -1,
				17, 4, 18, -1,
				16, 19, 7, -1,
				16, 7, 1, -1,
			]
			solid FALSE
		}
	}
#---------- SOLID: PlasticDisk:0
	Shape {
		appearance Appearance {
			material Material {
				diffuseColor 1 0.4 0.8
				transparency 0.7
			}
		}
		geometry IndexedFaceSet {
			coord Coordinate {
				point [
					10 0 -16.2,
					9.65926 2.58819 -16.2,
					8.66025 5 -16.2,
					7.07107 7.07107 -16.2,
					5 8.66025 -16.2,
					2.58819 9.65926 -16.2,
					6.12323e-16 10 -16.2,
					-2.58819 9.65926 -16.2,
					-5 8.66025 -16.2,
					-7.07107 7.07107 -16.2,
					-8.66025 5 -16.2,
					-9.65926 2.58819 -16.2,
					-10 1.22465e-15 -16.2,
					-9.65926 -2.58819 -16.2,
					-8.66025 -5 -16.2,
					-7.07107 -7.07107 -16.2,
					-5 -8.66025 -16.2,
					-2.58819 -9.65926 -16.2,
					-1.83697e-15 -10 -16.2,
					2.58819 -9.65926 -16.2,
					5 -8.66025 -16.2,
					7.07107 -7.07107 -16.2,
					8.66025 -5 -16.2,
					9.65926 -2.58819 -16.2,
					10 0 -21.2,
					9.65926 2.58819 -21.2,
					8.66025 5 -21.2,
					7.07107 7.07107 -21.2,
					5 8.66025 -21.2,
					2.58819 9.65926 -21.2,
					6.12323e-16 10 -21.2,
					-2.58819 9.65926 -21.2,
					-5 8.66025 -21.2,
					-7.07107 7.07107 -21.2,
					-8.66025 5 -21.2,
					-9.65926 2.58819 -21.2,
					-10 1.22465e-15 -21.2,
					-9.65926 -2.58819 -21.2,
					-8.66025 -5 -21.2,
					-7.07107 -7.07107 -21.2,
					-5 -8.66025 -21.2,
					-2.58819 -9.65926 -21.2,
					-1.83697e-15 -10 -21.2,
					2.58819 -9.65926 -21.2,
					5 -8.66025 -21.2,
					7.07107 -7.07107 -21.2,
					8.66025 -5 -21.2,
					9.65926 -2.58819 -21.2,
					0 0 -16.2,
					0 0 -21.2,
				]
			}
			coordIndex [
				0, 24, 25, 1, -1,
				1, 25, 26, 2, -1,
				2, 26, 27, 3, -1,
				3, 27, 28, 4, -1,
				4, 28, 29, 5, -1,
				5, 29, 30, 6, -1,
				6, 30, 31, 7, -1,
				7, 31, 32, 8, -1,
				8, 32, 33, 9, -1,
				9, 33, 34, 10, -1,
				10, 34, 35, 11, -1,
				11, 35, 36, 12, -1,
				12, 36, 37, 13, -1,
				13, 37, 38, 14, -1,
				14, 38, 39, 15, -1,
				15, 39, 40, 16, -1,
				16, 40, 41, 17, -1,
				17, 41, 42, 18, -1,
				18, 42, 43, 19, -1,
				19, 43, 44, 20, -1,
				20, 44, 45, 21, -1,
				21, 45, 46, 22, -1,
				22, 46, 47, 23, -1,
				23, 47, 24, 0, -1,
				48, 0, 1, -1,
				48, 1, 2, -1,
				48, 2, 3, -1,
				48, 3, 4, -1,
				48, 4, 5, -1,
				48, 5, 6, -1,
				48, 6, 7, -1,
				48, 7, 8, -1,
				48, 8, 9, -1,
				48, 9, 10, -1,
				48, 10, 11, -1,
				48, 11, 12, -1,
				48, 12, 13, -1,
				48, 13, 14, -1,
				48, 14, 15, -1,
				48, 15, 16, -1,
				48, 16, 17, -1,
				48, 17, 18, -1,
				48, 18, 19, -1,
				48, 19, 20, -1,
				48, 20, 21, -1,
				48, 21, 22, -1,
				48, 22, 23, -1,
				48, 23, 0, -1,
				24, 49, 25, -1,
				25, 49, 26, -1,
				26, 49, 27, -1,
				27, 49, 28, -1,
				28, 49, 29, -1,
				29, 49, 30, -1,
				30, 49, 31, -1,
				31, 49, 32, -1,
				32, 49, 33, -1,
				33, 49, 34, -1,
				34, 49, 35, -1,
				35, 49, 36, -1,
				36, 49, 37, -1,
				37, 49, 38, -1,
				38, 49, 39, -1,
				39, 49, 40, -1,
				40, 49, 41, -1,
				41, 49, 42, -1,
				42, 49, 43, -1,
				43, 49, 44, -1,
				44, 49, 45, -1,
				45, 49, 46, -1,
				46, 49, 47, -1,
				47, 49, 24, -1,
			]
			solid FALSE
		}
	}
#End of file.
